,Fecha,Producto,Cantidad_Vendida,Precio_Unitario,Marca,Ingreso
697,2022-01-01,Lenovo ThinkPad X1 Carbon,1,1542.6598150860927,Lenovo,1542.6598150860927
516,2022-01-01,Dell XPS 13,5,1189.1409455409657,Dell,5945.704727704829
882,2022-01-02,Xiaomi Mi 11,12,1354.6048929584776,Xiaomi,16255.258715501732
4,2022-01-05,Asus ZenBook,3,1730.0717389877484,Asus,5190.215216963245
227,2022-01-05,OnePlus 9,17,1089.0044339712465,OnePlus,18513.07537751119
333,2022-01-06,Dell XPS 13,2,260.4973921670113,Dell,520.9947843340226
334,2022-01-06,Xiaomi Mi 11,19,914.4776919109852,Xiaomi,17375.07614630872
279,2022-01-08,Asus ZenBook,3,1197.731380715762,Asus,3593.194142147286
129,2022-01-08,Lenovo ThinkPad X1 Carbon,18,436.7454029942779,Lenovo,7861.417253897002
408,2022-01-08,OnePlus 9,5,1824.9328299656027,OnePlus,9124.664149828013
643,2022-01-09,Lenovo ThinkPad X1 Carbon,13,279.81958261221064,Lenovo,3637.654573958738
939,2022-01-09,Xiaomi Mi 11,14,798.6322853779226,Xiaomi,11180.851995290916
391,2022-01-10,Lenovo ThinkPad X1 Carbon,3,1982.4497622581591,Lenovo,5947.349286774477
342,2022-01-10,Apple MacBook Pro,17,655.4759704758133,Apple,11143.091498088825
735,2022-01-10,Apple iPhone 12,3,849.7449445673724,Apple,2549.234833702117
70,2022-01-11,HP Spectre x360,1,1840.8432822539942,HP,1840.8432822539942
194,2022-01-12,Xiaomi Mi 11,13,762.0221367497072,Xiaomi,9906.287777746194
635,2022-01-12,HP Spectre x360,9,1555.418361237726,HP,13998.765251139534
925,2022-01-12,Samsung Galaxy S21,15,217.65460648515744,Samsung,3264.819097277362
168,2022-01-13,Asus ZenBook,6,1888.4506292560413,Asus,11330.703775536247
303,2022-01-13,Apple iPhone 12,13,771.9149839117516,Apple,10034.894790852772
830,2022-01-13,Apple iPhone 12,14,1211.860018115436,Apple,16966.040253616105
537,2022-01-13,Xiaomi Mi 11,13,454.8846361033791,Xiaomi,5913.500269343928
834,2022-01-15,Apple MacBook Pro,2,1713.6648102617326,Apple,3427.329620523465
594,2022-01-16,Apple MacBook Pro,8,1716.4054834538745,Apple,13731.243867630996
812,2022-01-17,Dell XPS 13,15,486.4965285595771,Dell,7297.447928393656
628,2022-01-18,Huawei P40,8,1281.5163665586454,Huawei,10252.130932469163
316,2022-01-21,Lenovo ThinkPad X1 Carbon,8,296.7984295994936,Lenovo,2374.387436795949
357,2022-01-22,Huawei P40,16,1593.0651022499874,Huawei,25489.041635999798
711,2022-01-23,Apple iPhone 12,6,1315.4525397277346,Apple,7892.715238366407
268,2022-01-23,Lenovo ThinkPad X1 Carbon,4,1768.8453054580689,Lenovo,7075.3812218322755
917,2022-01-24,Apple MacBook Pro,15,603.9654004919596,Apple,9059.481007379394
430,2022-01-24,Apple MacBook Pro,11,1202.5071535308734,Apple,13227.578688839607
676,2022-01-26,Samsung Galaxy S21,12,1137.7721765151211,Samsung,13653.266118181455
920,2022-01-26,OnePlus 9,8,1262.7267061770312,OnePlus,10101.81364941625
520,2022-01-30,Huawei P40,14,855.4847567309887,Huawei,11976.786594233841
642,2022-01-30,Dell XPS 13,15,1827.0236113106985,Dell,27405.354169660477
346,2022-01-30,OnePlus 9,6,1302.077411713777,OnePlus,7812.464470282663
28,2022-01-30,Lenovo ThinkPad X1 Carbon,11,1765.6384764659892,Lenovo,19422.02324112588
30,2022-01-31,Xiaomi Mi 11,10,1704.81259950023,Xiaomi,17048.125995002298
608,2022-01-31,HP Spectre x360,10,1409.1823288214523,HP,14091.823288214524
440,2022-01-31,Asus ZenBook,8,1169.3159714254043,Asus,9354.527771403235
896,2022-01-31,Lenovo ThinkPad X1 Carbon,13,1015.0159460516162,Lenovo,13195.20729867101
289,2022-01-31,OnePlus 9,3,1115.9135266349122,OnePlus,3347.7405799047365
873,2022-02-01,Huawei P40,2,982.9019547332745,Huawei,1965.803909466549
580,2022-02-01,HP Spectre x360,14,1801.564066951677,HP,25221.89693732348
791,2022-02-01,OnePlus 9,19,1237.255931159466,OnePlus,23507.862692029852
51,2022-02-01,Xiaomi Mi 11,10,1282.2249043260292,Xiaomi,12822.249043260292
911,2022-02-03,Asus ZenBook,6,472.6688899769936,Asus,2836.013339861962
613,2022-02-03,Asus ZenBook,18,597.8632578811128,Asus,10761.53864186003
780,2022-02-03,Asus ZenBook,8,237.6314379204836,Asus,1901.0515033638687
228,2022-02-03,HP Spectre x360,15,1313.6372294815483,HP,19704.558442223224
600,2022-02-04,Samsung Galaxy S21,17,1167.4425161095496,Samsung,19846.522773862343
869,2022-02-05,Samsung Galaxy S21,3,1071.2825767286827,Samsung,3213.847730186048
525,2022-02-05,HP Spectre x360,16,1239.1041241468713,HP,19825.66598634994
263,2022-02-05,Apple MacBook Pro,1,1095.5360188162022,Apple,1095.5360188162022
776,2022-02-06,Xiaomi Mi 11,4,684.2250762399485,Xiaomi,2736.900304959794
946,2022-02-06,Asus ZenBook,17,1853.0629665502213,Asus,31502.07043135376
728,2022-02-06,Asus ZenBook,9,1487.345367176568,Asus,13386.108304589112
670,2022-02-07,Asus ZenBook,8,286.839421645775,Asus,2294.7153731662
499,2022-02-07,Huawei P40,13,1119.204924385821,Huawei,14549.664017015672
535,2022-02-08,HP Spectre x360,4,1594.1073914395881,HP,6376.4295657583525
781,2022-02-08,Xiaomi Mi 11,5,1912.7522816772612,Xiaomi,9563.761408386306
973,2022-02-08,Huawei P40,7,1176.3091356831192,Huawei,8234.163949781834
211,2022-02-10,Samsung Galaxy S21,9,1084.9641502006534,Samsung,9764.67735180588
962,2022-02-11,Xiaomi Mi 11,2,1873.6419553539008,Xiaomi,3747.2839107078016
500,2022-02-12,Samsung Galaxy S21,11,950.002489856171,Samsung,10450.02738841788
690,2022-02-13,OnePlus 9,14,1565.135354164309,OnePlus,21911.894958300327
527,2022-02-13,Xiaomi Mi 11,14,1574.2983357770695,Xiaomi,22040.176700878972
544,2022-02-14,Apple iPhone 12,18,899.6565760878847,Apple,16193.818369581924
504,2022-02-15,Asus ZenBook,8,379.39090439979304,Asus,3035.1272351983444
685,2022-02-15,Dell XPS 13,16,1247.9616213631175,Dell,19967.38594180988
365,2022-02-16,Apple MacBook Pro,4,1678.8648334116447,Apple,6715.459333646579
426,2022-02-16,OnePlus 9,2,1771.4307978939473,OnePlus,3542.8615957878947
965,2022-02-16,Lenovo ThinkPad X1 Carbon,3,431.4225905393296,Lenovo,1294.2677716179887
683,2022-02-18,Samsung Galaxy S21,9,286.2653167208433,Samsung,2576.3878504875897
562,2022-02-19,Apple iPhone 12,1,1873.0827609814398,Apple,1873.0827609814398
23,2022-02-19,Lenovo ThinkPad X1 Carbon,4,690.7349159615098,Lenovo,2762.9396638460394
171,2022-02-19,Dell XPS 13,10,1586.7434268140862,Dell,15867.434268140862
382,2022-02-20,Apple iPhone 12,11,644.3280295368525,Apple,7087.608324905377
978,2022-02-21,Samsung Galaxy S21,9,626.480028509141,Samsung,5638.3202565822685
991,2022-02-21,Huawei P40,17,1217.2627470024988,Huawei,20693.46669904248
178,2022-02-22,Asus ZenBook,18,1026.7284101232156,Asus,18481.11138221788
240,2022-02-22,Apple MacBook Pro,19,575.0933658616133,Apple,10926.773951370653
603,2022-02-22,Apple iPhone 12,2,1804.770541516843,Apple,3609.541083033686
45,2022-02-24,Dell XPS 13,18,1355.3715958317857,Dell,24396.688724972144
350,2022-02-24,Dell XPS 13,12,1266.3977337363372,Dell,15196.772804836046
469,2022-02-24,Samsung Galaxy S21,11,1050.703775541451,Samsung,11557.741530955962
416,2022-02-24,Huawei P40,17,1017.3116085020854,Huawei,17294.29734453545
919,2022-02-24,Asus ZenBook,16,1137.4997716056303,Asus,18199.996345690084
837,2022-02-25,Dell XPS 13,8,1009.1381106722654,Dell,8073.104885378123
182,2022-02-26,Apple MacBook Pro,14,1812.0286623495372,Apple,25368.40127289352
968,2022-02-27,HP Spectre x360,17,1475.1035390627037,HP,25076.760164065963
695,2022-02-27,Asus ZenBook,15,386.7489642356329,Asus,5801.234463534493
615,2022-02-28,Asus ZenBook,3,1963.305000378094,Asus,5889.915001134283
314,2022-03-01,Huawei P40,2,280.47849419881373,Huawei,560.9569883976275
151,2022-03-03,Huawei P40,19,522.7629910846504,Huawei,9932.496830608357
993,2022-03-04,Apple MacBook Pro,8,1743.9661240528003,Apple,13951.728992422402
576,2022-03-06,Lenovo ThinkPad X1 Carbon,8,215.99084689189024,Lenovo,1727.926775135122
568,2022-03-07,OnePlus 9,6,425.4816694384373,OnePlus,2552.890016630624
490,2022-03-08,HP Spectre x360,13,770.6250220716234,HP,10018.125286931105
284,2022-03-09,Apple MacBook Pro,1,557.7259949662821,Apple,557.7259949662821
280,2022-03-10,Apple MacBook Pro,8,1400.3053053703275,Apple,11202.44244296262
127,2022-03-10,Apple iPhone 12,4,1737.5966173383185,Apple,6950.386469353274
986,2022-03-10,Samsung Galaxy S21,9,283.30378308064553,Samsung,2549.73404772581
950,2022-03-13,HP Spectre x360,15,453.4398419774428,HP,6801.597629661643
319,2022-03-14,Samsung Galaxy S21,13,1795.9207700295046,Samsung,23346.97001038356
636,2022-03-16,Dell XPS 13,3,1844.7242151978955,Dell,5534.172645593687
321,2022-03-17,Xiaomi Mi 11,18,436.31636794875067,Xiaomi,7853.694623077512
529,2022-03-18,Asus ZenBook,9,462.54644121647055,Asus,4162.917970948235
802,2022-03-18,Huawei P40,18,1034.259916215202,Huawei,18616.678491873638
348,2022-03-19,Huawei P40,4,1376.4119995244448,Huawei,5505.647998097779
617,2022-03-19,Samsung Galaxy S21,10,880.6544072188037,Samsung,8806.544072188037
739,2022-03-19,OnePlus 9,8,1002.8671898015521,OnePlus,8022.9375184124165
788,2022-03-20,Apple MacBook Pro,14,806.329994483678,Apple,11288.619922771491
657,2022-03-20,Xiaomi Mi 11,8,1397.0571710638364,Xiaomi,11176.457368510692
816,2022-03-21,Huawei P40,3,1193.4221932913101,Huawei,3580.2665798739304
604,2022-03-22,Dell XPS 13,19,213.3262255608044,Dell,4053.1982856552836
29,2022-03-23,Samsung Galaxy S21,17,1813.717704104956,Samsung,30833.20096978425
689,2022-03-23,Asus ZenBook,18,1144.4444145546854,Asus,20599.99946198434
135,2022-03-24,Apple iPhone 12,15,1061.6362354650641,Apple,15924.543531975962
249,2022-03-24,Apple MacBook Pro,14,1106.4471993460286,Apple,15490.2607908444
751,2022-03-26,OnePlus 9,5,1295.091590269746,OnePlus,6475.45795134873
966,2022-03-26,Dell XPS 13,5,1092.9747915327212,Dell,5464.873957663605
379,2022-03-27,Lenovo ThinkPad X1 Carbon,19,1538.3164738589414,Lenovo,29228.013003319888
437,2022-03-27,Samsung Galaxy S21,14,228.0933859794696,Samsung,3193.3074037125743
415,2022-03-27,Lenovo ThinkPad X1 Carbon,18,387.9604030860347,Lenovo,6983.287255548625
343,2022-03-28,Lenovo ThinkPad X1 Carbon,10,1891.6727373809758,Lenovo,18916.727373809757
792,2022-03-28,Lenovo ThinkPad X1 Carbon,12,1914.0271137483392,Lenovo,22968.325364980068
149,2022-03-28,Dell XPS 13,5,618.7366755373491,Dell,3093.6833776867456
806,2022-03-30,HP Spectre x360,11,339.5318776273744,HP,3734.850653901118
341,2022-03-31,OnePlus 9,11,614.566415701722,OnePlus,6760.230572718942
983,2022-03-31,Apple MacBook Pro,6,1463.3399191711162,Apple,8780.039515026698
996,2022-04-01,HP Spectre x360,18,1708.9241489374049,HP,30760.63468087329
653,2022-04-01,Huawei P40,18,705.7590209831242,Huawei,12703.662377696235
82,2022-04-02,Asus ZenBook,18,1035.6867289351285,Asus,18642.361120832313
52,2022-04-03,Samsung Galaxy S21,5,458.1570845724021,Samsung,2290.7854228620104
811,2022-04-05,Xiaomi Mi 11,4,1754.0211881415091,Xiaomi,7016.0847525660365
120,2022-04-05,Huawei P40,5,1198.9556027345866,Huawei,5994.7780136729325
708,2022-04-05,Asus ZenBook,19,757.6032199660331,Asus,14394.461179354628
554,2022-04-06,Asus ZenBook,16,1867.0623450870544,Asus,29872.99752139287
183,2022-04-07,HP Spectre x360,19,838.1795712757906,HP,15925.411854240023
38,2022-04-07,Apple MacBook Pro,5,718.075304077071,Apple,3590.376520385355
42,2022-04-10,OnePlus 9,17,1177.6129493550654,OnePlus,20019.420139036112
935,2022-04-13,Xiaomi Mi 11,19,1412.7749023335941,Xiaomi,26842.723144338288
659,2022-04-13,Apple MacBook Pro,15,1480.6176353556125,Apple,22209.26453033419
597,2022-04-14,Xiaomi Mi 11,15,1897.3463409757205,Xiaomi,28460.195114635808
269,2022-04-14,Apple MacBook Pro,4,260.87831762873464,Apple,1043.5132705149385
955,2022-04-15,Dell XPS 13,6,1284.042672569581,Dell,7704.256035417487
354,2022-04-15,Dell XPS 13,8,1348.85177371458,Dell,10790.81418971664
209,2022-04-15,Dell XPS 13,13,564.1182953705684,Dell,7333.537839817389
595,2022-04-16,Xiaomi Mi 11,2,898.2180226215313,Xiaomi,1796.4360452430626
56,2022-04-16,OnePlus 9,5,875.9143599720711,OnePlus,4379.571799860356
37,2022-04-16,Huawei P40,17,531.5537533938252,Huawei,9036.41380769503
743,2022-04-19,Apple iPhone 12,4,1433.3430926258548,Apple,5733.372370503419
718,2022-04-19,Samsung Galaxy S21,14,1373.3569058009375,Samsung,19226.996681213124
307,2022-04-19,HP Spectre x360,5,1944.7303916883443,HP,9723.651958441722
374,2022-04-20,Huawei P40,4,1351.3915712837738,Huawei,5405.566285135095
885,2022-04-20,HP Spectre x360,2,1074.8811340698126,HP,2149.762268139625
852,2022-04-22,Apple iPhone 12,13,889.5130618420412,Apple,11563.669803946535
383,2022-04-22,OnePlus 9,10,756.6473317252545,OnePlus,7566.473317252545
621,2022-04-22,OnePlus 9,15,425.0246422084576,OnePlus,6375.369633126864
175,2022-04-23,Apple MacBook Pro,11,703.390532626975,Apple,7737.295858896725
455,2022-04-23,Xiaomi Mi 11,8,1455.4510975564403,Xiaomi,11643.608780451523
601,2022-04-23,OnePlus 9,10,456.6743815944679,OnePlus,4566.743815944679
891,2022-04-23,Apple MacBook Pro,19,328.56098796408344,Apple,6242.658771317585
551,2022-04-24,Lenovo ThinkPad X1 Carbon,4,393.23715436297937,Lenovo,1572.9486174519175
18,2022-04-25,Asus ZenBook,6,917.541802721962,Asus,5505.250816331772
820,2022-04-26,Asus ZenBook,19,1881.1916600180127,Asus,35742.64154034224
8,2022-04-27,OnePlus 9,16,573.4265626637812,OnePlus,9174.825002620499
835,2022-04-27,Xiaomi Mi 11,9,463.1986792289491,Xiaomi,4168.788113060542
813,2022-04-27,Xiaomi Mi 11,2,227.15845437925088,Xiaomi,454.31690875850177
674,2022-04-27,Xiaomi Mi 11,6,488.1361861436628,Xiaomi,2928.817116861977
288,2022-04-29,Asus ZenBook,9,571.9017452257565,Asus,5147.115707031809
722,2022-04-30,HP Spectre x360,2,819.9943509572568,HP,1639.9887019145135
208,2022-04-30,Huawei P40,5,957.9285167485409,Huawei,4789.642583742705
720,2022-05-01,OnePlus 9,1,241.22389063684216,OnePlus,241.22389063684216
73,2022-05-02,Lenovo ThinkPad X1 Carbon,13,763.6900571519222,Lenovo,9927.970742974989
112,2022-05-02,Asus ZenBook,18,1858.2466669898504,Asus,33448.440005817305
538,2022-05-02,Dell XPS 13,19,876.3090627123848,Dell,16649.872191535313
234,2022-05-05,Asus ZenBook,8,1270.6815790830383,Asus,10165.452632664306
347,2022-05-08,Xiaomi Mi 11,5,714.0578236293013,Xiaomi,3570.2891181465066
50,2022-05-08,Apple iPhone 12,19,1878.1502289407836,Apple,35684.85434987489
179,2022-05-10,HP Spectre x360,4,1217.9013164399025,HP,4871.60526575961
715,2022-05-11,HP Spectre x360,3,637.9451774202856,HP,1913.8355322608568
578,2022-05-12,HP Spectre x360,11,1274.1038071865541,HP,14015.141879052095
839,2022-05-12,Dell XPS 13,3,1813.8464047351797,Dell,5441.539214205539
422,2022-05-12,Apple MacBook Pro,9,1098.6782143677506,Apple,9888.103929309755
929,2022-05-13,Apple iPhone 12,18,776.2250892704802,Apple,13972.051606868645
492,2022-05-13,Apple iPhone 12,6,1830.5643913579493,Apple,10983.386348147695
573,2022-05-17,Lenovo ThinkPad X1 Carbon,17,1959.8018918583086,Lenovo,33316.632161591246
854,2022-05-18,Huawei P40,17,995.7092787096014,Huawei,16927.057738063224
301,2022-05-20,Apple iPhone 12,10,1773.7347387349325,Apple,17737.347387349324
584,2022-05-22,Dell XPS 13,12,691.4698991952455,Dell,8297.638790342946
24,2022-05-22,Samsung Galaxy S21,16,1113.766554831724,Samsung,17820.264877307585
273,2022-05-22,Apple MacBook Pro,19,1869.1987073132202,Apple,35514.77543895118
727,2022-05-23,Samsung Galaxy S21,13,410.68024647818515,Samsung,5338.843204216407
539,2022-05-24,Asus ZenBook,13,707.8558316990782,Asus,9202.125812088016
624,2022-05-25,HP Spectre x360,12,1859.4332996874227,HP,22313.199596249073
229,2022-05-25,Lenovo ThinkPad X1 Carbon,6,318.0635563963469,Lenovo,1908.3813383780812
153,2022-05-26,Huawei P40,2,1892.834333891422,Huawei,3785.668667782844
186,2022-05-27,Xiaomi Mi 11,13,1617.863388858106,Xiaomi,21032.224055155377
336,2022-05-28,Apple MacBook Pro,14,1528.240399673121,Apple,21395.365595423693
716,2022-05-28,Apple iPhone 12,10,1907.8340826055874,Apple,19078.34082605587
241,2022-05-29,Huawei P40,19,1002.1172457798779,Huawei,19040.22766981768
590,2022-05-29,Lenovo ThinkPad X1 Carbon,2,1671.4376201197297,Lenovo,3342.8752402394593
310,2022-05-29,Xiaomi Mi 11,9,1756.6468557323076,Xiaomi,15809.821701590768
361,2022-05-29,Huawei P40,13,1830.0369061938236,Huawei,23790.47978051971
457,2022-05-29,Dell XPS 13,8,1161.6471612610858,Dell,9293.177290088686
953,2022-05-29,Apple iPhone 12,11,271.71036350850744,Apple,2988.813998593582
710,2022-05-30,Apple iPhone 12,15,806.4449058646288,Apple,12096.673587969432
344,2022-05-31,Dell XPS 13,17,912.6400713728304,Dell,15514.881213338118
848,2022-05-31,Dell XPS 13,6,200.43320553722407,Dell,1202.5992332233445
170,2022-05-31,OnePlus 9,19,1191.780640093202,OnePlus,22643.83216177084
784,2022-06-01,Apple iPhone 12,15,1965.6519107218976,Apple,29484.778660828462
409,2022-06-01,Dell XPS 13,4,1177.90045385259,Dell,4711.60181541036
154,2022-06-02,Apple iPhone 12,18,804.2494561586914,Apple,14476.490210856446
239,2022-06-02,Dell XPS 13,13,824.5407361240709,Dell,10719.029569612921
80,2022-06-02,Asus ZenBook,11,1467.2737879593262,Asus,16140.011667552588
559,2022-06-03,OnePlus 9,18,969.6916773956536,OnePlus,17454.450193121767
680,2022-06-03,HP Spectre x360,17,1140.102175320103,HP,19381.73698044175
630,2022-06-04,Dell XPS 13,12,579.0844867385149,Dell,6949.013840862179
528,2022-06-04,HP Spectre x360,12,772.7722327929569,HP,9273.266793515482
467,2022-06-05,Dell XPS 13,17,1990.544692452434,Dell,33839.25977169138
809,2022-06-05,Lenovo ThinkPad X1 Carbon,17,954.8245890666318,Lenovo,16232.01801413274
828,2022-06-05,Apple MacBook Pro,17,559.2574924401771,Apple,9507.377371483011
981,2022-06-05,HP Spectre x360,12,679.6276789636905,HP,8155.532147564287
847,2022-06-06,Asus ZenBook,1,1293.1842660639068,Asus,1293.1842660639068
514,2022-06-07,Asus ZenBook,4,1382.2535387430007,Asus,5529.014154972003
215,2022-06-09,Apple MacBook Pro,11,1513.1179999257809,Apple,16644.29799918359
671,2022-06-10,Lenovo ThinkPad X1 Carbon,13,868.9214186439818,Lenovo,11295.978442371765
859,2022-06-10,Apple iPhone 12,1,650.3727929210894,Apple,650.3727929210894
897,2022-06-11,Dell XPS 13,1,1127.872836897126,Dell,1127.872836897126
987,2022-06-12,OnePlus 9,19,1786.2557275002075,OnePlus,33938.85882250394
884,2022-06-15,Lenovo ThinkPad X1 Carbon,2,744.8790244236882,Lenovo,1489.7580488473764
202,2022-06-15,Apple MacBook Pro,15,568.9638977678219,Apple,8534.458466517328
803,2022-06-16,Samsung Galaxy S21,15,1290.1758892788741,Samsung,19352.63833918311
377,2022-06-17,Dell XPS 13,13,1836.0374680526854,Dell,23868.48708468491
725,2022-06-18,Lenovo ThinkPad X1 Carbon,4,1465.218709082146,Lenovo,5860.874836328584
823,2022-06-18,Apple MacBook Pro,16,1410.3313284720361,Apple,22565.30125555258
204,2022-06-19,Asus ZenBook,5,1208.4160163568727,Asus,6042.080081784363
200,2022-06-21,Apple iPhone 12,8,1587.6171277738445,Apple,12700.937022190756
364,2022-06-21,Dell XPS 13,17,1836.0002087284013,Dell,31212.00354838282
355,2022-06-21,Apple MacBook Pro,14,1794.3710494027148,Apple,25121.194691638007
844,2022-06-22,Dell XPS 13,15,1150.1190407725708,Dell,17251.785611588562
875,2022-06-23,Apple MacBook Pro,9,865.8740082622205,Apple,7792.866074359985
373,2022-06-25,Lenovo ThinkPad X1 Carbon,2,303.36226292404103,Lenovo,606.7245258480821
456,2022-06-25,Xiaomi Mi 11,2,294.03859465273524,Xiaomi,588.0771893054705
33,2022-06-26,HP Spectre x360,7,431.7366118397184,HP,3022.156282878029
478,2022-06-26,Xiaomi Mi 11,5,1246.3273559101672,Xiaomi,6231.636779550836
947,2022-06-27,Apple iPhone 12,3,1599.964857619374,Apple,4799.894572858122
458,2022-06-27,Asus ZenBook,1,742.2741161360526,Asus,742.2741161360526
159,2022-06-27,Apple MacBook Pro,11,849.0529578588441,Apple,9339.582536447286
850,2022-06-27,Samsung Galaxy S21,19,794.3822061070626,Samsung,15093.261916034191
0,2022-06-29,Asus ZenBook,9,699.7025053304004,Asus,6297.322547973604
389,2022-07-02,Lenovo ThinkPad X1 Carbon,11,1160.2635468847966,Lenovo,12762.899015732763
937,2022-07-02,HP Spectre x360,5,1429.0897602233827,HP,7145.448801116913
122,2022-07-03,Asus ZenBook,7,555.8561993784451,Asus,3890.993395649116
874,2022-07-05,Asus ZenBook,15,930.8615718698647,Asus,13962.923578047972
923,2022-07-05,OnePlus 9,17,1037.7901470805816,OnePlus,17642.432500369887
125,2022-07-05,Apple MacBook Pro,19,1004.7107999734825,Apple,19089.50519949617
14,2022-07-07,Huawei P40,7,1888.239716163818,Huawei,13217.678013146726
207,2022-07-08,Apple iPhone 12,13,696.6994653427632,Apple,9057.093049455922
462,2022-07-08,HP Spectre x360,5,1039.9895870963123,HP,5199.947935481561
335,2022-07-10,Xiaomi Mi 11,3,1251.4911162968883,Xiaomi,3754.473348890665
589,2022-07-10,Apple iPhone 12,15,761.5611229662172,Apple,11423.416844493258
144,2022-07-10,Dell XPS 13,4,1259.275094679847,Dell,5037.100378719388
583,2022-07-11,Apple iPhone 12,1,1150.2365560968228,Apple,1150.2365560968228
799,2022-07-11,OnePlus 9,13,1089.03078903684,OnePlus,14157.40025747892
741,2022-07-12,OnePlus 9,15,1376.1801546460404,OnePlus,20642.702319690605
180,2022-07-12,Asus ZenBook,1,1449.3189347407224,Asus,1449.3189347407224
883,2022-07-13,Apple iPhone 12,8,534.7137764014485,Apple,4277.710211211588
89,2022-07-13,Apple MacBook Pro,12,378.028003766692,Apple,4536.3360452003035
641,2022-07-14,Apple MacBook Pro,15,225.68804221456026,Apple,3385.3206332184036
46,2022-07-14,Apple MacBook Pro,18,1944.8690199137725,Apple,35007.642358447905
931,2022-07-15,Asus ZenBook,13,1698.2936582885425,Asus,22077.817557751052
184,2022-07-17,Apple MacBook Pro,5,1912.6590551346683,Apple,9563.295275673341
425,2022-07-17,OnePlus 9,19,459.4938683137908,OnePlus,8730.383497962026
786,2022-07-18,HP Spectre x360,6,1526.4437575475285,HP,9158.662545285171
22,2022-07-18,Asus ZenBook,1,418.0304485959557,Asus,418.0304485959557
472,2022-07-19,Apple MacBook Pro,3,813.2174641462896,Apple,2439.6523924388684
401,2022-07-20,Apple iPhone 12,17,1296.7619454323492,Apple,22044.953072349937
376,2022-07-21,Huawei P40,15,403.2257799091083,Huawei,6048.386698636625
427,2022-07-22,Samsung Galaxy S21,15,711.5204007024723,Samsung,10672.806010537084
819,2022-07-22,Apple MacBook Pro,12,380.07791197402014,Apple,4560.934943688242
259,2022-07-26,Dell XPS 13,16,400.33219296271966,Dell,6405.315087403515
547,2022-07-26,Apple iPhone 12,17,662.1279943390609,Apple,11256.175903764037
367,2022-07-26,Dell XPS 13,15,304.8280088792209,Dell,4572.420133188313
292,2022-07-26,Apple iPhone 12,4,1939.2566730321614,Apple,7757.026692128646
563,2022-07-26,Dell XPS 13,15,1561.8874791872986,Dell,23428.31218780948
928,2022-07-27,Lenovo ThinkPad X1 Carbon,13,1585.309119238589,Lenovo,20609.018550101657
970,2022-07-28,Dell XPS 13,1,1360.7395520548278,Dell,1360.7395520548278
783,2022-07-28,Apple iPhone 12,1,1639.9066669262882,Apple,1639.9066669262882
222,2022-07-29,Lenovo ThinkPad X1 Carbon,1,1020.0994185848839,Lenovo,1020.0994185848839
972,2022-07-30,Huawei P40,15,620.5152772604799,Huawei,9307.7291589072
411,2022-07-30,Xiaomi Mi 11,16,1469.0309823262796,Xiaomi,23504.495717220474
137,2022-07-30,OnePlus 9,15,1771.6868465409284,OnePlus,26575.302698113926
496,2022-07-30,Apple iPhone 12,13,1751.6335502191998,Apple,22771.236152849597
637,2022-07-31,Xiaomi Mi 11,19,1699.2231010842736,Xiaomi,32285.238920601198
81,2022-07-31,Huawei P40,7,518.9488624712685,Huawei,3632.6420372988796
567,2022-08-01,Samsung Galaxy S21,11,1988.6405465894043,Samsung,21875.046012483446
485,2022-08-02,Huawei P40,14,202.03152054856898,Huawei,2828.4412876799656
172,2022-08-03,Samsung Galaxy S21,19,867.6025620291651,Samsung,16484.448678554138
712,2022-08-03,Samsung Galaxy S21,2,714.669607377179,Samsung,1429.339214754358
698,2022-08-04,Asus ZenBook,9,1326.9391239010374,Asus,11942.452115109336
918,2022-08-04,Asus ZenBook,4,1118.4082889585507,Asus,4473.633155834203
517,2022-08-05,Samsung Galaxy S21,3,1424.1023747388151,Samsung,4272.307124216445
770,2022-08-05,Dell XPS 13,17,248.96451568785625,Dell,4232.396766693556
250,2022-08-06,Lenovo ThinkPad X1 Carbon,3,542.5455984882137,Lenovo,1627.6367954646412
244,2022-08-07,Dell XPS 13,9,1148.8230591998554,Dell,10339.407532798698
196,2022-08-08,Asus ZenBook,16,1514.9578355659896,Asus,24239.325369055834
821,2022-08-08,Samsung Galaxy S21,15,398.74591041400043,Samsung,5981.188656210006
55,2022-08-08,Samsung Galaxy S21,7,835.1801269978134,Samsung,5846.260888984694
833,2022-08-08,Huawei P40,13,464.0610365005879,Huawei,6032.793474507643
957,2022-08-09,Apple iPhone 12,12,857.1469398207985,Apple,10285.763277849583
843,2022-08-10,Lenovo ThinkPad X1 Carbon,2,639.8610113498721,Lenovo,1279.7220226997442
460,2022-08-11,Dell XPS 13,19,901.3806464657285,Dell,17126.232282848843
79,2022-08-12,OnePlus 9,1,672.2652535201544,OnePlus,672.2652535201544
840,2022-08-14,Lenovo ThinkPad X1 Carbon,13,739.8434872587206,Lenovo,9617.965334363369
40,2022-08-15,OnePlus 9,2,1432.6317238702757,OnePlus,2865.2634477405513
700,2022-08-16,OnePlus 9,16,1936.554559097295,OnePlus,30984.87294555672
88,2022-08-16,Apple MacBook Pro,15,609.8771907401547,Apple,9148.15786110232
892,2022-08-16,OnePlus 9,11,1041.1324454451428,OnePlus,11452.456899896571
762,2022-08-17,Apple iPhone 12,1,438.6249260212424,Apple,438.6249260212424
737,2022-08-18,Xiaomi Mi 11,10,1954.5264993829082,Xiaomi,19545.26499382908
39,2022-08-18,Xiaomi Mi 11,14,647.1300894443386,Xiaomi,9059.821252220741
731,2022-08-19,Samsung Galaxy S21,18,1534.7722465057398,Samsung,27625.900437103315
569,2022-08-20,Samsung Galaxy S21,6,1303.8918847877624,Samsung,7823.351308726575
797,2022-08-20,OnePlus 9,9,1265.71575395885,OnePlus,11391.44178562965
855,2022-08-21,Dell XPS 13,1,1331.5439838254645,Dell,1331.5439838254645
611,2022-08-21,Dell XPS 13,16,385.07640284868285,Dell,6161.2224455789255
509,2022-08-21,Huawei P40,6,444.70636646996275,Huawei,2668.2381988197767
664,2022-08-22,Lenovo ThinkPad X1 Carbon,12,992.2347528928411,Lenovo,11906.817034714093
393,2022-08-22,Samsung Galaxy S21,14,654.3372531265505,Samsung,9160.721543771708
74,2022-08-23,HP Spectre x360,5,1226.185924785145,HP,6130.9296239257255
667,2022-08-23,HP Spectre x360,2,1503.6334162641426,HP,3007.2668325282852
19,2022-08-24,Lenovo ThinkPad X1 Carbon,2,810.5125160040393,Lenovo,1621.0250320080786
768,2022-08-25,Dell XPS 13,9,330.60147577249904,Dell,2975.413281952491
536,2022-08-27,Dell XPS 13,12,1887.8586791493653,Dell,22654.304149792384
402,2022-08-27,HP Spectre x360,19,287.0100275205673,HP,5453.190522890778
675,2022-08-29,HP Spectre x360,12,375.86738664306824,HP,4510.408639716819
270,2022-08-29,Samsung Galaxy S21,10,927.7941068255759,Samsung,9277.94106825576
607,2022-08-30,Xiaomi Mi 11,17,1206.7298977615405,Xiaomi,20514.408261946188
988,2022-08-30,Huawei P40,6,1809.8805777715982,Huawei,10859.28346662959
549,2022-08-30,Apple MacBook Pro,19,673.7465075241607,Apple,12801.183642959055
582,2022-08-31,Samsung Galaxy S21,1,977.6918495072854,Samsung,977.6918495072854
614,2022-08-31,OnePlus 9,1,250.58303051175955,OnePlus,250.58303051175955
91,2022-08-31,Lenovo ThinkPad X1 Carbon,8,427.0089273403399,Lenovo,3416.071418722719
796,2022-09-01,Huawei P40,4,518.1684123818886,Huawei,2072.6736495275545
941,2022-09-01,Xiaomi Mi 11,9,224.44685821778552,Xiaomi,2020.0217239600697
395,2022-09-01,Xiaomi Mi 11,15,453.619348531627,Xiaomi,6804.290227974405
318,2022-09-02,Lenovo ThinkPad X1 Carbon,17,1391.0972103069112,Lenovo,23648.65257521749
510,2022-09-02,Huawei P40,6,964.3473315026314,Huawei,5786.083989015789
407,2022-09-03,Apple MacBook Pro,9,1884.9323033530168,Apple,16964.39073017715
771,2022-09-03,Apple MacBook Pro,3,1195.7302860639134,Apple,3587.19085819174
663,2022-09-04,Dell XPS 13,15,232.0363940977087,Dell,3480.5459114656305
543,2022-09-04,HP Spectre x360,14,1474.3359323091138,HP,20640.703052327593
162,2022-09-04,Lenovo ThinkPad X1 Carbon,16,1461.4031711850262,Lenovo,23382.45073896042
971,2022-09-05,Asus ZenBook,7,1309.4658760422483,Asus,9166.261132295738
119,2022-09-07,OnePlus 9,15,1683.2527263858976,OnePlus,25248.790895788465
878,2022-09-07,Dell XPS 13,7,818.863226543161,Dell,5732.042585802127
810,2022-09-07,Dell XPS 13,18,1269.0873989454876,Dell,22843.57318101878
760,2022-09-08,Apple MacBook Pro,18,1428.6479057167035,Apple,25715.662302900662
176,2022-09-09,Asus ZenBook,14,1297.5032855401264,Asus,18165.04599756177
974,2022-09-09,HP Spectre x360,19,599.9729725927675,HP,11399.486479262583
822,2022-09-10,Huawei P40,14,1342.226915361625,Huawei,18791.17681506275
498,2022-09-10,Samsung Galaxy S21,1,504.6890192107009,Samsung,504.6890192107009
272,2022-09-10,Apple iPhone 12,8,1666.7606269378032,Apple,13334.085015502425
732,2022-09-11,Samsung Galaxy S21,3,803.8859707405799,Samsung,2411.6579122217395
163,2022-09-11,Apple MacBook Pro,5,1380.304054266497,Apple,6901.520271332484
338,2022-09-15,Apple iPhone 12,8,1071.0262874393147,Apple,8568.210299514518
54,2022-09-15,Huawei P40,11,514.0038191436965,Huawei,5654.0420105806625
266,2022-09-16,Xiaomi Mi 11,6,1390.81622271213,Xiaomi,8344.89733627278
330,2022-09-16,Dell XPS 13,13,455.06690844926936,Dell,5915.869809840502
749,2022-09-16,Lenovo ThinkPad X1 Carbon,7,1370.9989618620311,Lenovo,9596.992733034218
461,2022-09-16,Dell XPS 13,5,201.1510295489628,Dell,1005.755147744814
123,2022-09-17,Xiaomi Mi 11,6,855.313169233988,Xiaomi,5131.879015403928
2,2022-09-17,Xiaomi Mi 11,8,650.9151845945025,Xiaomi,5207.32147675602
960,2022-09-17,Lenovo ThinkPad X1 Carbon,16,1626.8608110103735,Lenovo,26029.772976165976
428,2022-09-18,Dell XPS 13,3,1264.4709860025303,Dell,3793.4129580075905
730,2022-09-18,Huawei P40,16,1850.9157832233172,Huawei,29614.652531573076
434,2022-09-18,Xiaomi Mi 11,1,1735.102231733859,Xiaomi,1735.102231733859
489,2022-09-19,Asus ZenBook,6,610.5599565858909,Asus,3663.359739515345
932,2022-09-19,Apple iPhone 12,19,1402.0306270518256,Apple,26638.581913984686
755,2022-09-19,Lenovo ThinkPad X1 Carbon,7,914.1516664392831,Lenovo,6399.061665074982
744,2022-09-20,Dell XPS 13,13,248.57306456328618,Dell,3231.4498393227204
216,2022-09-21,Apple iPhone 12,5,572.7299157024381,Apple,2863.6495785121906
130,2022-09-22,Apple MacBook Pro,9,1417.2305335401995,Apple,12755.074801861796
262,2022-09-22,Xiaomi Mi 11,16,633.8571282264998,Xiaomi,10141.714051623996
398,2022-09-24,OnePlus 9,10,1772.6765157064744,OnePlus,17726.765157064743
484,2022-09-24,Asus ZenBook,19,1886.487257058812,Asus,35843.257884117425
801,2022-09-27,Dell XPS 13,9,495.1783495259669,Dell,4456.605145733702
235,2022-09-28,OnePlus 9,19,249.4872013371944,OnePlus,4740.256825406694
386,2022-09-28,Asus ZenBook,10,1543.1428699711478,Asus,15431.428699711478
362,2022-09-29,Apple iPhone 12,6,487.3571620673294,Apple,2924.1429724039763
692,2022-09-30,HP Spectre x360,3,882.423039269399,HP,2647.2691178081973
523,2022-10-02,Apple iPhone 12,6,435.29657411017354,Apple,2611.7794446610415
553,2022-10-03,OnePlus 9,19,573.3176920924458,OnePlus,10893.03614975647
93,2022-10-03,Dell XPS 13,6,1517.7768604420369,Dell,9106.66116265222
246,2022-10-04,Huawei P40,19,1999.4053576214608,Huawei,37988.701794807756
862,2022-10-05,Dell XPS 13,13,396.54019352632633,Dell,5155.022515842243
879,2022-10-06,Apple iPhone 12,18,1504.9474487757036,Apple,27089.054077962664
921,2022-10-08,Xiaomi Mi 11,7,308.1532830009166,Xiaomi,2157.0729810064163
15,2022-10-08,HP Spectre x360,2,1152.6411025270513,HP,2305.2822050541026
933,2022-10-09,HP Spectre x360,5,1398.4072463791588,HP,6992.036231895794
596,2022-10-10,HP Spectre x360,14,1349.221607690653,HP,18889.10250766914
640,2022-10-10,HP Spectre x360,6,1100.7618385385608,HP,6604.571031231365
804,2022-10-11,Huawei P40,15,1081.008557633971,Huawei,16215.128364509563
889,2022-10-12,Samsung Galaxy S21,6,279.726897047767,Samsung,1678.361382286602
687,2022-10-12,Lenovo ThinkPad X1 Carbon,16,288.3059367432761,Lenovo,4612.894987892418
435,2022-10-13,Xiaomi Mi 11,17,596.1710724936866,Xiaomi,10134.90823239267
358,2022-10-14,Apple MacBook Pro,15,1949.2839644229307,Apple,29239.25946634396
704,2022-10-14,Huawei P40,4,243.26940063054502,Huawei,973.0776025221801
558,2022-10-15,Apple iPhone 12,7,1583.3685746205488,Apple,11083.580022343842
100,2022-10-15,Samsung Galaxy S21,16,1228.5895726676315,Samsung,19657.433162682104
300,2022-10-16,OnePlus 9,8,420.0552917722058,OnePlus,3360.4423341776464
327,2022-10-17,Samsung Galaxy S21,3,1511.0503449261005,Samsung,4533.151034778301
253,2022-10-17,Dell XPS 13,8,545.7937505589604,Dell,4366.350004471683
546,2022-10-18,Asus ZenBook,10,1808.8173686179964,Asus,18088.173686179965
995,2022-10-19,Xiaomi Mi 11,10,939.2769126260088,Xiaomi,9392.769126260087
555,2022-10-21,Xiaomi Mi 11,8,588.2353650377672,Xiaomi,4705.882920302138
721,2022-10-22,Samsung Galaxy S21,1,1926.141223083043,Samsung,1926.141223083043
512,2022-10-22,HP Spectre x360,13,948.4695426714071,HP,12330.104054728292
190,2022-10-22,Samsung Galaxy S21,9,1507.3156352326164,Samsung,13565.840717093548
121,2022-10-23,Asus ZenBook,3,731.5075468693096,Asus,2194.522640607929
5,2022-10-24,Apple MacBook Pro,4,1285.7398821281338,Apple,5142.959528512535
766,2022-10-24,OnePlus 9,7,562.5612358810446,OnePlus,3937.928651167312
734,2022-10-24,Samsung Galaxy S21,16,1111.6929731673827,Samsung,17787.087570678123
679,2022-10-25,OnePlus 9,15,1011.6997799172088,OnePlus,15175.496698758132
394,2022-10-25,Asus ZenBook,6,405.62004051592976,Asus,2433.7202430955786
961,2022-10-26,Huawei P40,15,619.4594960304325,Huawei,9291.892440456488
363,2022-10-26,Dell XPS 13,15,251.47070904699618,Dell,3772.060635704943
302,2022-10-27,OnePlus 9,11,307.3512523317887,OnePlus,3380.863775649676
370,2022-10-28,HP Spectre x360,10,1430.1490381286767,HP,14301.490381286767
481,2022-10-28,Apple iPhone 12,1,1802.565574977172,Apple,1802.565574977172
552,2022-10-29,Huawei P40,15,1454.995389455461,Huawei,21824.930841831916
619,2022-10-29,Lenovo ThinkPad X1 Carbon,15,1509.0763854669494,Lenovo,22636.14578200424
870,2022-10-30,Samsung Galaxy S21,7,1145.4704240922897,Samsung,8018.292968646028
421,2022-10-31,Asus ZenBook,2,807.60305640881,Asus,1615.20611281762
507,2022-11-01,Lenovo ThinkPad X1 Carbon,14,650.3680767143753,Lenovo,9105.153074001255
352,2022-11-01,Dell XPS 13,6,1991.3092802732679,Dell,11947.855681639607
463,2022-11-02,HP Spectre x360,19,1075.8200304942889,HP,20440.580579391488
312,2022-11-03,Dell XPS 13,10,886.463236076086,Dell,8864.63236076086
483,2022-11-03,Lenovo ThinkPad X1 Carbon,17,1089.6938505310243,Lenovo,18524.795459027413
276,2022-11-03,HP Spectre x360,1,1110.1983375518807,HP,1110.1983375518807
858,2022-11-03,Lenovo ThinkPad X1 Carbon,14,1513.291316750955,Lenovo,21186.078434513372
841,2022-11-04,Xiaomi Mi 11,4,527.2885932340728,Xiaomi,2109.154372936291
113,2022-11-04,Huawei P40,4,751.0675716534346,Huawei,3004.2702866137383
754,2022-11-04,Lenovo ThinkPad X1 Carbon,11,379.25956699101005,Lenovo,4171.85523690111
602,2022-11-04,Dell XPS 13,9,537.1743668804752,Dell,4834.569301924277
644,2022-11-05,Asus ZenBook,5,780.3942874699454,Asus,3901.9714373497272
60,2022-11-05,Samsung Galaxy S21,12,1495.3791319006054,Samsung,17944.549582807267
447,2022-11-06,Apple MacBook Pro,15,1866.9117161317565,Apple,28003.67574197635
646,2022-11-06,Dell XPS 13,2,1132.1144994923584,Dell,2264.228998984717
526,2022-11-07,Samsung Galaxy S21,17,1417.5012249351819,Samsung,24097.520823898092
138,2022-11-09,Apple iPhone 12,15,257.8924549586905,Apple,3868.3868243803577
662,2022-11-10,Asus ZenBook,12,269.4551614547212,Asus,3233.461937456654
49,2022-11-11,OnePlus 9,19,1730.3463203514573,OnePlus,32876.58008667769
824,2022-11-12,Samsung Galaxy S21,14,1423.7794770015587,Samsung,19932.91267802182
699,2022-11-13,Huawei P40,14,948.4317908652246,Huawei,13278.045072113144
623,2022-11-13,Lenovo ThinkPad X1 Carbon,9,1680.003199454223,Lenovo,15120.028795088007
773,2022-11-15,Asus ZenBook,5,716.6055899165575,Asus,3583.0279495827876
572,2022-11-16,HP Spectre x360,11,1542.0518088011443,HP,16962.569896812587
863,2022-11-16,Dell XPS 13,4,520.7535682186269,Dell,2083.0142728745077
213,2022-11-17,HP Spectre x360,15,1584.3686117536702,HP,23765.52917630505
761,2022-11-20,Huawei P40,2,1714.8912169853081,Huawei,3429.7824339706162
116,2022-11-22,Huawei P40,18,299.61559739081514,Huawei,5393.080753034673
922,2022-11-23,Samsung Galaxy S21,19,1951.2235481540713,Samsung,37073.247414927355
733,2022-11-25,HP Spectre x360,10,853.2898026056089,HP,8532.89802605609
745,2022-11-25,Xiaomi Mi 11,12,1818.4197811888478,Xiaomi,21821.037374266172
106,2022-11-26,Huawei P40,18,1373.3937629893915,Huawei,24721.087733809047
66,2022-11-27,Apple iPhone 12,16,1682.8589393846319,Apple,26925.74303015411
75,2022-11-27,Apple MacBook Pro,6,1367.1639530674083,Apple,8202.98371840445
83,2022-11-27,OnePlus 9,10,236.06189133898727,OnePlus,2360.6189133898724
11,2022-11-27,Apple iPhone 12,1,689.4731674234771,Apple,689.4731674234771
329,2022-11-27,Huawei P40,19,294.78036701194384,Huawei,5600.826973226933
836,2022-11-27,Samsung Galaxy S21,13,1804.4184887840422,Samsung,23457.44035419255
856,2022-11-28,Asus ZenBook,14,464.20529894442626,Asus,6498.874185221967
633,2022-11-28,Asus ZenBook,16,1119.4487969195857,Asus,17911.18075071337
31,2022-11-29,Apple iPhone 12,12,284.41683370130204,Apple,3413.0020044156245
195,2022-11-29,Dell XPS 13,10,713.0322366672228,Dell,7130.322366672228
814,2022-11-29,Dell XPS 13,2,1008.6268353966484,Dell,2017.2536707932968
114,2022-11-30,Samsung Galaxy S21,1,645.8797492022845,Samsung,645.8797492022845
403,2022-11-30,Samsung Galaxy S21,17,1770.095352805746,Samsung,30091.620997697682
579,2022-11-30,Lenovo ThinkPad X1 Carbon,3,900.1695828807905,Lenovo,2700.5087486423713
214,2022-12-01,Huawei P40,10,909.0793615632448,Huawei,9090.793615632449
146,2022-12-01,HP Spectre x360,3,1614.560342070593,HP,4843.681026211779
750,2022-12-01,Asus ZenBook,16,910.7597416597259,Asus,14572.155866555615
299,2022-12-02,HP Spectre x360,19,1462.2142743353015,HP,27782.071212370727
140,2022-12-03,Apple MacBook Pro,7,1373.748829183538,Apple,9616.241804284766
20,2022-12-04,Samsung Galaxy S21,17,985.2839500080129,Samsung,16749.827150136218
449,2022-12-04,Asus ZenBook,3,1307.9051360884985,Asus,3923.715408265495
930,2022-12-05,OnePlus 9,11,1712.8865151483446,OnePlus,18841.75166663179
255,2022-12-05,HP Spectre x360,10,261.7979080571358,HP,2617.9790805713583
432,2022-12-06,Apple iPhone 12,6,887.0389503481927,Apple,5322.2337020891555
845,2022-12-06,Dell XPS 13,17,695.4641559997696,Dell,11822.890651996082
177,2022-12-07,Asus ZenBook,16,1436.379607370332,Asus,22982.073717925312
748,2022-12-07,Samsung Galaxy S21,19,1567.6524327805757,Samsung,29785.39622283094
326,2022-12-08,Xiaomi Mi 11,18,1467.4785514199727,Xiaomi,26414.613925559508
198,2022-12-08,HP Spectre x360,4,1486.4183676657576,HP,5945.6734706630305
778,2022-12-08,Dell XPS 13,9,563.0085827614921,Dell,5067.077244853429
466,2022-12-09,Lenovo ThinkPad X1 Carbon,7,854.4013289618111,Lenovo,5980.809302732678
388,2022-12-10,Apple iPhone 12,3,1999.67009485282,Apple,5999.010284558461
77,2022-12-14,HP Spectre x360,10,1788.5887660358267,HP,17885.88766035827
233,2022-12-14,Apple MacBook Pro,8,725.6820045762472,Apple,5805.456036609978
158,2022-12-15,Asus ZenBook,11,1089.3452927674166,Asus,11982.798220441582
444,2022-12-15,Samsung Galaxy S21,4,1564.3556274121395,Samsung,6257.422509648558
629,2022-12-17,OnePlus 9,16,488.52825287749164,OnePlus,7816.452046039866
230,2022-12-17,Xiaomi Mi 11,14,1469.143870730825,Xiaomi,20568.01419023155
985,2022-12-17,Lenovo ThinkPad X1 Carbon,2,1922.8235522340083,Lenovo,3845.6471044680166
397,2022-12-17,Asus ZenBook,7,1259.7015625527333,Asus,8817.910937869134
838,2022-12-17,Apple iPhone 12,16,1189.6494668708506,Apple,19034.39146993361
220,2022-12-18,Apple iPhone 12,2,1326.5959597948715,Apple,2653.191919589743
951,2022-12-18,Samsung Galaxy S21,14,1137.2668076713044,Samsung,15921.735307398261
166,2022-12-18,HP Spectre x360,15,928.1346441511258,HP,13922.019662266888
298,2022-12-19,OnePlus 9,6,1407.690030372871,OnePlus,8446.140182237226
309,2022-12-22,Xiaomi Mi 11,7,536.6768334296859,Xiaomi,3756.737834007801
236,2022-12-23,Samsung Galaxy S21,9,316.46059490717926,Samsung,2848.1453541646133
9,2022-12-23,Dell XPS 13,3,979.4088742024642,Dell,2938.2266226073925
557,2022-12-26,Lenovo ThinkPad X1 Carbon,1,734.6364118594695,Lenovo,734.6364118594695
7,2022-12-26,HP Spectre x360,16,1507.6487782924967,HP,24122.380452679947
632,2022-12-26,OnePlus 9,10,1117.1238865235057,OnePlus,11171.238865235056
610,2022-12-27,Lenovo ThinkPad X1 Carbon,6,408.10139874634655,Lenovo,2448.608392478079
598,2022-12-27,Huawei P40,9,581.3460251553518,Huawei,5232.114226398166
746,2022-12-29,Apple MacBook Pro,9,808.591814172518,Apple,7277.3263275526615
866,2022-12-29,HP Spectre x360,4,1193.068554671423,HP,4772.274218685692
454,2022-12-31,Asus ZenBook,14,1067.2784037455554,Asus,14941.897652437776
785,2022-12-31,Huawei P40,18,1876.931666144191,Huawei,33784.769990595436
61,2023-01-01,Xiaomi Mi 11,4,239.8316139588469,Xiaomi,959.3264558353876
412,2023-01-02,Apple iPhone 12,9,676.4508135850701,Apple,6088.057322265631
542,2023-01-03,Apple iPhone 12,3,248.32628194819944,Apple,744.9788458445983
606,2023-01-04,HP Spectre x360,11,1130.5113974040937,HP,12435.62537144503
934,2023-01-04,Huawei P40,3,1460.287445731643,Huawei,4380.862337194929
34,2023-01-05,Apple iPhone 12,12,261.92652988573013,Apple,3143.1183586287616
65,2023-01-05,Apple iPhone 12,19,1900.8848816577135,Apple,36116.81275149656
297,2023-01-05,HP Spectre x360,5,1896.3723968218767,HP,9481.861984109384
133,2023-01-06,Lenovo ThinkPad X1 Carbon,1,1264.4446561874356,Lenovo,1264.4446561874356
41,2023-01-06,Apple iPhone 12,16,536.1991519449261,Apple,8579.186431118818
174,2023-01-07,Apple iPhone 12,7,939.2172469088606,Apple,6574.520728362024
867,2023-01-07,Dell XPS 13,10,770.1475675703814,Dell,7701.475675703814
826,2023-01-07,HP Spectre x360,18,794.6211651769855,HP,14303.18097318574
264,2023-01-08,Samsung Galaxy S21,19,1900.208666480866,Samsung,36103.96466313645
958,2023-01-09,HP Spectre x360,6,1024.4428769604606,HP,6146.6572617627635
979,2023-01-09,Huawei P40,9,839.6050688392734,Huawei,7556.44561955346
545,2023-01-10,HP Spectre x360,19,1156.064174067822,HP,21965.21930728862
747,2023-01-13,Asus ZenBook,14,1539.4983724668962,Asus,21552.977214536546
464,2023-01-13,Huawei P40,12,1753.6356485103154,Huawei,21043.627782123785
900,2023-01-13,Asus ZenBook,16,663.9785963520017,Asus,10623.657541632027
886,2023-01-15,Lenovo ThinkPad X1 Carbon,5,959.6424187454369,Lenovo,4798.212093727185
717,2023-01-16,HP Spectre x360,14,842.8836612372108,HP,11800.371257320952
224,2023-01-17,HP Spectre x360,3,1365.6485796877612,HP,4096.945739063283
317,2023-01-17,Apple MacBook Pro,14,1863.8696834479342,Apple,26094.17556827108
459,2023-01-17,OnePlus 9,4,712.9428783270422,OnePlus,2851.771513308169
990,2023-01-18,OnePlus 9,15,446.59429151414145,OnePlus,6698.914372712122
513,2023-01-18,Apple MacBook Pro,18,467.78677082141184,Apple,8420.161874785414
424,2023-01-20,OnePlus 9,2,1942.823222347107,OnePlus,3885.646444694214
152,2023-01-22,Dell XPS 13,2,1663.6120255441638,Dell,3327.2240510883275
668,2023-01-22,Lenovo ThinkPad X1 Carbon,13,1811.7267042048602,Lenovo,23552.447154663183
295,2023-01-22,Apple iPhone 12,5,1903.1555476640572,Apple,9515.777738320287
779,2023-01-24,Asus ZenBook,8,333.91223437553276,Asus,2671.297875004262
92,2023-01-24,Lenovo ThinkPad X1 Carbon,18,987.132830900402,Lenovo,17768.390956207237
324,2023-01-25,HP Spectre x360,12,826.5369402218643,HP,9918.44328266237
359,2023-01-26,Apple MacBook Pro,7,846.0825684554869,Apple,5922.577979188409
410,2023-01-27,Xiaomi Mi 11,12,1239.1609397030434,Xiaomi,14869.93127643652
794,2023-01-28,Lenovo ThinkPad X1 Carbon,15,1443.453723750923,Lenovo,21651.805856263847
944,2023-01-28,Apple iPhone 12,13,427.9156922810426,Apple,5562.903999653554
693,2023-01-29,OnePlus 9,14,1881.4635470830024,OnePlus,26340.489659162035
369,2023-01-30,OnePlus 9,19,389.562606361656,OnePlus,7401.689520871463
448,2023-01-31,HP Spectre x360,1,1636.7668863390954,HP,1636.7668863390954
197,2023-02-02,Samsung Galaxy S21,13,698.2041466383945,Samsung,9076.653906299129
713,2023-02-03,Xiaomi Mi 11,15,1850.998781255921,Xiaomi,27764.981718838815
306,2023-02-04,Dell XPS 13,12,436.0812031374657,Dell,5232.974437649588
742,2023-02-05,Apple iPhone 12,3,1434.038351267715,Apple,4302.115053803145
860,2023-02-06,Apple MacBook Pro,16,1503.5058345345965,Apple,24056.093352553544
473,2023-02-07,Asus ZenBook,6,900.4888328347021,Asus,5402.932997008213
142,2023-02-07,Xiaomi Mi 11,16,204.6934341067407,Xiaomi,3275.0949457078514
252,2023-02-08,Lenovo ThinkPad X1 Carbon,11,1230.0820199560073,Lenovo,13530.902219516081
775,2023-02-08,OnePlus 9,1,1105.0703284223457,OnePlus,1105.0703284223457
515,2023-02-09,Lenovo ThinkPad X1 Carbon,17,1613.4356390354449,Lenovo,27428.405863602562
337,2023-02-09,Xiaomi Mi 11,7,769.0712452009914,Xiaomi,5383.49871640694
502,2023-02-09,Apple iPhone 12,3,1497.3539928997418,Apple,4492.061978699226
286,2023-02-12,Apple iPhone 12,9,549.7978578927691,Apple,4948.180721034922
126,2023-02-13,Huawei P40,7,1881.307676152075,Huawei,13169.153733064524
714,2023-02-14,Huawei P40,12,1605.7927658507103,Huawei,19269.513190208523
445,2023-02-16,Asus ZenBook,1,1996.1055133248108,Asus,1996.1055133248108
296,2023-02-16,OnePlus 9,9,1995.3468787113654,OnePlus,17958.12190840229
433,2023-02-16,Huawei P40,14,774.3799338263401,Huawei,10841.319073568762
78,2023-02-16,Dell XPS 13,5,622.3200806113077,Dell,3111.6004030565387
622,2023-02-17,Apple iPhone 12,10,443.8255068366253,Apple,4438.255068366253
976,2023-02-17,Dell XPS 13,14,1231.642882377327,Dell,17243.000353282576
404,2023-02-19,Apple iPhone 12,12,952.1157110234857,Apple,11425.388532281828
592,2023-02-20,Lenovo ThinkPad X1 Carbon,16,529.0193600568193,Lenovo,8464.30976090911
58,2023-02-20,Dell XPS 13,19,1622.2984686757093,Dell,30823.670904838476
258,2023-02-23,Dell XPS 13,7,1243.3510199612358,Dell,8703.45713972865
72,2023-02-23,OnePlus 9,18,1708.6385460896497,OnePlus,30755.493829613693
254,2023-02-24,OnePlus 9,19,1628.1948644698382,OnePlus,30935.702424926927
110,2023-02-24,Huawei P40,6,1890.0058652570349,Huawei,11340.035191542209
115,2023-02-24,OnePlus 9,15,891.740337608936,OnePlus,13376.10506413404
349,2023-02-25,Apple iPhone 12,2,1380.0186217225519,Apple,2760.0372434451037
423,2023-02-25,OnePlus 9,19,1414.425514841335,OnePlus,26874.084781985362
890,2023-02-25,Apple iPhone 12,13,1549.5369615610723,Apple,20143.98050029394
561,2023-02-27,Huawei P40,16,1612.7366822404192,Huawei,25803.786915846707
915,2023-02-27,Apple MacBook Pro,6,1517.4275582234573,Apple,9104.565349340744
938,2023-02-27,Samsung Galaxy S21,12,1815.3325445462456,Samsung,21783.99053455495
998,2023-02-28,Dell XPS 13,9,1361.18576928428,Dell,12250.67192355852
48,2023-02-28,Xiaomi Mi 11,15,953.4926167274889,Xiaomi,14302.389250912332
740,2023-03-01,Lenovo ThinkPad X1 Carbon,9,600.9934524827909,Lenovo,5408.941072345118
649,2023-03-02,Apple MacBook Pro,19,612.2025662654619,Apple,11631.848759043776
331,2023-03-02,Huawei P40,10,1276.8478271825281,Huawei,12768.47827182528
902,2023-03-03,OnePlus 9,2,589.2852036834345,OnePlus,1178.570407366869
248,2023-03-04,Dell XPS 13,8,896.598306657756,Dell,7172.786453262048
305,2023-03-04,Asus ZenBook,11,960.1901823853915,Asus,10562.092006239307
438,2023-03-06,HP Spectre x360,10,579.0400076525361,HP,5790.400076525361
774,2023-03-08,Asus ZenBook,18,1838.8489271083113,Asus,33099.280687949606
818,2023-03-08,Lenovo ThinkPad X1 Carbon,7,1644.2489917684602,Lenovo,11509.742942379222
533,2023-03-08,Samsung Galaxy S21,18,1090.896575423544,Samsung,19636.13835762379
790,2023-03-10,Apple iPhone 12,3,1232.7005870616367,Apple,3698.10176118491
927,2023-03-10,Asus ZenBook,10,387.1920265640041,Asus,3871.920265640041
315,2023-03-11,Xiaomi Mi 11,4,682.4161706334023,Xiaomi,2729.6646825336093
451,2023-03-13,Apple iPhone 12,5,1320.16393542058,Apple,6600.8196771029
406,2023-03-13,Huawei P40,12,239.5163033786373,Huawei,2874.1956405436476
532,2023-03-14,HP Spectre x360,14,372.4496404163938,HP,5214.294965829513
871,2023-03-14,OnePlus 9,10,1463.5073017649095,OnePlus,14635.073017649094
964,2023-03-15,Apple iPhone 12,3,232.7695455857574,Apple,698.3086367572722
10,2023-03-15,Samsung Galaxy S21,6,1363.893026310728,Samsung,8183.358157864368
443,2023-03-16,Apple MacBook Pro,6,1540.3534334213712,Apple,9242.120600528227
385,2023-03-18,OnePlus 9,1,736.8628814776723,OnePlus,736.8628814776723
470,2023-03-18,Huawei P40,7,1092.684502187083,Huawei,7648.79151530958
655,2023-03-20,OnePlus 9,12,450.9889888699531,OnePlus,5411.867866439437
645,2023-03-21,OnePlus 9,14,1224.514624153532,OnePlus,17143.20473814945
43,2023-03-21,Apple iPhone 12,3,1975.5677830583536,Apple,5926.703349175061
736,2023-03-22,Xiaomi Mi 11,11,1610.2433925889684,Xiaomi,17712.67731847865
901,2023-03-22,OnePlus 9,15,1025.9144112850097,OnePlus,15388.716169275145
419,2023-03-22,Xiaomi Mi 11,11,533.4827162559225,Xiaomi,5868.309878815147
977,2023-03-22,Lenovo ThinkPad X1 Carbon,13,1959.4537009410267,Lenovo,25472.898112233346
772,2023-03-24,Xiaomi Mi 11,16,580.7017290436171,Xiaomi,9291.227664697873
673,2023-03-25,Xiaomi Mi 11,6,895.0384096888902,Xiaomi,5370.230458133341
479,2023-03-25,Samsung Galaxy S21,15,1563.4570866677032,Samsung,23451.85630001555
320,2023-03-25,Huawei P40,18,1491.1232266470272,Huawei,26840.21807964649
243,2023-03-26,Xiaomi Mi 11,16,740.6538024280046,Xiaomi,11850.460838848074
94,2023-03-26,Huawei P40,5,1430.0995396581513,Huawei,7150.4976982907565
275,2023-03-27,Apple iPhone 12,17,641.2771029885383,Apple,10901.710750805152
759,2023-03-28,Apple iPhone 12,12,1443.7192163046902,Apple,17324.630595656283
247,2023-03-28,Dell XPS 13,5,899.776373810438,Dell,4498.88186905219
368,2023-03-29,Samsung Galaxy S21,12,481.11919479377707,Samsung,5773.430337525325
505,2023-03-30,Dell XPS 13,17,1865.6960857856166,Dell,31716.833458355482
541,2023-03-31,Lenovo ThinkPad X1 Carbon,3,1079.0383165061608,Lenovo,3237.1149495184823
723,2023-04-01,Dell XPS 13,19,541.6020081762035,Dell,10290.438155347867
654,2023-04-01,HP Spectre x360,5,943.3152129806202,HP,4716.576064903101
661,2023-04-01,Samsung Galaxy S21,6,1020.9208609476631,Samsung,6125.525165685978
707,2023-04-03,Xiaomi Mi 11,2,1453.5959762676039,Xiaomi,2907.1919525352077
63,2023-04-04,Xiaomi Mi 11,18,1545.48732058652,Xiaomi,27818.77177055736
672,2023-04-07,Asus ZenBook,4,691.4420331538198,Asus,2765.7681326152792
384,2023-04-08,Xiaomi Mi 11,8,1794.345560693898,Xiaomi,14354.764485551184
832,2023-04-10,Huawei P40,3,1382.1161712022317,Huawei,4146.348513606696
232,2023-04-10,Asus ZenBook,17,1146.4027522729143,Asus,19488.846788639545
17,2023-04-11,Huawei P40,15,809.2347522352949,Huawei,12138.521283529422
109,2023-04-12,OnePlus 9,15,1808.354003272634,OnePlus,27125.31004908951
84,2023-04-12,Huawei P40,15,453.76280658220537,Huawei,6806.4420987330805
44,2023-04-13,HP Spectre x360,1,978.2883577213199,HP,978.2883577213199
201,2023-04-13,Dell XPS 13,13,457.0578664088053,Dell,5941.752263314469
682,2023-04-13,Dell XPS 13,6,1444.8266799825012,Dell,8668.960079895007
916,2023-04-13,Huawei P40,6,1209.6690428796705,Huawei,7258.014257278023
107,2023-04-15,HP Spectre x360,2,269.5980113256611,HP,539.1960226513222
893,2023-04-16,Samsung Galaxy S21,13,515.7403249797399,Samsung,6704.624224736618
701,2023-04-18,Dell XPS 13,13,1522.993588930232,Dell,19798.916656093013
658,2023-04-20,OnePlus 9,6,1614.8008857392604,OnePlus,9688.805314435562
842,2023-04-20,Huawei P40,18,1002.3529174750165,Huawei,18042.352514550297
219,2023-04-22,Xiaomi Mi 11,19,1565.547651044681,Xiaomi,29745.40536984894
789,2023-04-22,Dell XPS 13,8,387.23105323118386,Dell,3097.848425849471
98,2023-04-23,HP Spectre x360,13,825.5438967528479,HP,10732.070657787022
340,2023-04-24,Asus ZenBook,6,1917.0111150159328,Asus,11502.066690095597
99,2023-04-25,HP Spectre x360,17,792.4144766556918,HP,13471.04610314676
351,2023-04-25,Dell XPS 13,3,379.3894847291232,Dell,1138.1684541873697
226,2023-04-26,Asus ZenBook,5,656.6497311593215,Asus,3283.2486557966076
488,2023-04-28,Apple iPhone 12,2,760.6917645096835,Apple,1521.383529019367
291,2023-04-28,Apple iPhone 12,10,1888.612995074064,Apple,18886.12995074064
405,2023-04-29,Asus ZenBook,15,1207.6163427285055,Asus,18114.24514092758
131,2023-04-29,Apple iPhone 12,19,615.3831019646377,Apple,11692.278937328116
702,2023-04-29,Xiaomi Mi 11,6,311.3505638899288,Xiaomi,1868.103383339573
308,2023-04-30,Huawei P40,10,1971.451364675125,Huawei,19714.51364675125
3,2023-05-01,Dell XPS 13,5,760.1696467909543,Dell,3800.8482339547713
160,2023-05-02,OnePlus 9,7,1770.4201362523545,OnePlus,12392.940953766481
265,2023-05-03,Lenovo ThinkPad X1 Carbon,3,999.5106525820589,Lenovo,2998.531957746177
913,2023-05-05,Samsung Galaxy S21,18,474.8298184729139,Samsung,8546.936732512451
141,2023-05-05,HP Spectre x360,18,1527.5687375870818,HP,27496.237276567474
524,2023-05-07,OnePlus 9,10,786.3266404107789,OnePlus,7863.266404107789
963,2023-05-07,Asus ZenBook,17,1761.3616193025114,Asus,29943.147528142694
709,2023-05-08,Apple iPhone 12,8,1771.4113543200167,Apple,14171.290834560134
392,2023-05-09,Apple MacBook Pro,8,874.411201715568,Apple,6995.289613724544
924,2023-05-10,Apple iPhone 12,13,1867.7571933783859,Apple,24280.843513919015
989,2023-05-10,Xiaomi Mi 11,2,1144.0805376647418,Xiaomi,2288.1610753294835
895,2023-05-11,Samsung Galaxy S21,7,426.61635777510514,Samsung,2986.3145044257362
223,2023-05-11,Dell XPS 13,3,1639.5331586831105,Dell,4918.599476049331
865,2023-05-12,HP Spectre x360,14,1656.628529014426,HP,23192.799406201964
238,2023-05-13,Huawei P40,13,779.404416561135,Huawei,10132.257415294755
581,2023-05-13,Xiaomi Mi 11,9,743.5674435543208,Xiaomi,6692.106991988887
356,2023-05-14,OnePlus 9,3,961.9192791557055,OnePlus,2885.7578374671166
277,2023-05-15,Xiaomi Mi 11,14,258.2215182540156,Xiaomi,3615.101255556219
164,2023-05-15,OnePlus 9,2,1520.6392266965422,OnePlus,3041.2784533930844
242,2023-05-18,Asus ZenBook,5,293.58817654034056,Asus,1467.9408827017028
390,2023-05-18,Lenovo ThinkPad X1 Carbon,18,1687.8004342149761,Lenovo,30380.40781586957
904,2023-05-19,Xiaomi Mi 11,17,1560.8298484373277,Xiaomi,26534.10742343457
846,2023-05-21,Apple iPhone 12,10,1756.0811640718225,Apple,17560.811640718224
631,2023-05-21,Apple MacBook Pro,9,709.1949297233989,Apple,6382.75436751059
518,2023-05-22,OnePlus 9,4,1889.0817267513096,OnePlus,7556.326907005238
71,2023-05-22,Huawei P40,17,883.0016963857125,Huawei,15011.028838557113
831,2023-05-23,Apple MacBook Pro,13,1037.5014296216132,Apple,13487.518585080972
396,2023-05-24,Asus ZenBook,14,1736.401454517194,Asus,24309.620363240716
994,2023-05-24,Huawei P40,10,1191.6116763852256,Huawei,11916.116763852257
705,2023-05-26,Samsung Galaxy S21,3,1370.5819816113299,Samsung,4111.74594483399
16,2023-05-26,Apple MacBook Pro,10,217.94774880192094,Apple,2179.4774880192094
495,2023-05-27,Xiaomi Mi 11,1,457.1451719596864,Xiaomi,457.1451719596864
167,2023-05-27,Asus ZenBook,11,1196.6685011996697,Asus,13163.353513196365
206,2023-05-27,Dell XPS 13,5,1825.088621108279,Dell,9125.443105541395
199,2023-05-27,Apple iPhone 12,13,891.1282273712814,Apple,11584.666955826659
436,2023-05-28,Asus ZenBook,17,524.4428671600576,Asus,8915.52874172098
26,2023-05-29,Asus ZenBook,1,1983.953608643647,Asus,1983.953608643647
577,2023-05-29,Dell XPS 13,8,265.93695172931467,Dell,2127.4956138345174
287,2023-06-02,Asus ZenBook,12,490.897245071655,Asus,5890.7669408598595
959,2023-06-02,Apple iPhone 12,1,1554.2505963153058,Apple,1554.2505963153058
290,2023-06-02,Xiaomi Mi 11,4,423.53739768702235,Xiaomi,1694.1495907480894
53,2023-06-03,Dell XPS 13,19,1822.6488511057792,Dell,34630.3281710098
548,2023-06-03,Lenovo ThinkPad X1 Carbon,15,632.4764161019189,Lenovo,9487.146241528782
910,2023-06-04,Xiaomi Mi 11,17,865.9396899305651,Xiaomi,14720.974728819607
593,2023-06-04,Apple iPhone 12,4,1911.5149991091225,Apple,7646.05999643649
47,2023-06-04,HP Spectre x360,4,447.75019647445566,HP,1791.0007858978227
522,2023-06-04,Huawei P40,17,1748.9454069296664,Huawei,29732.07191780433
62,2023-06-05,Xiaomi Mi 11,12,1216.7211839908728,Xiaomi,14600.654207890473
752,2023-06-06,Asus ZenBook,10,272.3576442641778,Asus,2723.576442641778
815,2023-06-06,Huawei P40,10,977.7852153409306,Huawei,9777.852153409305
21,2023-06-06,Lenovo ThinkPad X1 Carbon,1,1338.7992568731195,Lenovo,1338.7992568731195
147,2023-06-06,Apple MacBook Pro,2,1200.5679735137094,Apple,2401.1359470274188
12,2023-06-09,Asus ZenBook,16,891.392266416426,Asus,14262.276262662815
980,2023-06-10,OnePlus 9,16,661.8318067820842,OnePlus,10589.308908513347
945,2023-06-11,HP Spectre x360,5,1667.7730892208228,HP,8338.865446104115
905,2023-06-11,OnePlus 9,15,1137.9836257300913,OnePlus,17069.754385951368
251,2023-06-11,Apple iPhone 12,13,1777.3479613264842,Apple,23105.523497244296
237,2023-06-11,Apple iPhone 12,11,1520.9661569831148,Apple,16730.627726814262
634,2023-06-12,HP Spectre x360,10,1665.7301348255946,HP,16657.301348255947
446,2023-06-12,OnePlus 9,15,1820.0532269624919,OnePlus,27300.798404437377
25,2023-06-12,OnePlus 9,8,768.0319547239552,OnePlus,6144.255637791642
894,2023-06-12,Huawei P40,8,453.9760335720655,Huawei,3631.808268576524
616,2023-06-13,Huawei P40,15,1964.704734849248,Huawei,29470.57102273872
90,2023-06-14,Dell XPS 13,8,980.1431190652103,Dell,7841.144952521682
217,2023-06-14,Samsung Galaxy S21,9,878.6638942277217,Samsung,7907.975048049495
724,2023-06-14,Apple iPhone 12,10,1731.2740251112966,Apple,17312.740251112966
267,2023-06-15,Apple MacBook Pro,4,1439.4497707618816,Apple,5757.799083047526
908,2023-06-16,Lenovo ThinkPad X1 Carbon,12,1566.0819312086962,Lenovo,18792.983174504356
313,2023-06-17,Samsung Galaxy S21,10,672.855737414423,Samsung,6728.5573741442295
851,2023-06-17,Apple MacBook Pro,7,776.3743714789227,Apple,5434.620600352459
864,2023-06-17,OnePlus 9,9,274.35465545863667,OnePlus,2469.19189912773
108,2023-06-18,HP Spectre x360,4,530.1493313163976,HP,2120.5973252655904
36,2023-06-19,Dell XPS 13,8,550.3412589641409,Dell,4402.7300717131275
738,2023-06-20,Huawei P40,16,1252.1387277887475,Huawei,20034.21964461996
800,2023-06-24,OnePlus 9,4,1124.1612805672546,OnePlus,4496.645122269018
494,2023-06-24,Samsung Galaxy S21,7,383.98036685712054,Samsung,2687.862567999844
105,2023-06-24,Xiaomi Mi 11,5,1423.1131848710884,Xiaomi,7115.565924355442
480,2023-06-25,Asus ZenBook,4,678.8934603908207,Asus,2715.5738415632827
165,2023-06-25,Apple MacBook Pro,16,858.7764218050527,Apple,13740.422748880843
982,2023-06-26,Apple iPhone 12,10,927.5458415360251,Apple,9275.458415360252
534,2023-06-26,Lenovo ThinkPad X1 Carbon,6,1674.687850658477,Lenovo,10048.127103950861
857,2023-06-26,OnePlus 9,3,1946.2960361433545,OnePlus,5838.888108430064
76,2023-06-27,Asus ZenBook,1,1420.391067606011,Asus,1420.391067606011
807,2023-06-28,Dell XPS 13,8,543.3934736300954,Dell,4347.147789040763
221,2023-06-29,Huawei P40,6,1672.081984856821,Huawei,10032.491909140927
353,2023-06-30,HP Spectre x360,14,920.7496301074893,HP,12890.49482150485
35,2023-07-01,Xiaomi Mi 11,15,945.8652942318035,Xiaomi,14187.979413477053
57,2023-07-02,Dell XPS 13,12,1005.1247717707305,Dell,12061.497261248765
793,2023-07-05,Lenovo ThinkPad X1 Carbon,12,996.6274519910768,Lenovo,11959.529423892922
719,2023-07-06,HP Spectre x360,3,1537.1358160059135,HP,4611.4074480177405
87,2023-07-08,Lenovo ThinkPad X1 Carbon,15,407.57425982817836,Lenovo,6113.613897422675
940,2023-07-11,Apple iPhone 12,6,1900.8002471869165,Apple,11404.801483121499
59,2023-07-11,Xiaomi Mi 11,15,1643.8598805844724,Xiaomi,24657.898208767085
169,2023-07-13,Asus ZenBook,13,1503.1997734152126,Asus,19541.597054397764
587,2023-07-15,Samsung Galaxy S21,12,963.4800964142305,Samsung,11561.761156970766
678,2023-07-16,Huawei P40,7,1463.4396234774972,Huawei,10244.07736434248
564,2023-07-18,Apple MacBook Pro,7,293.4401054043131,Apple,2054.0807378301915
205,2023-07-18,Dell XPS 13,6,566.9810167188785,Dell,3401.8861003132715
566,2023-07-19,Samsung Galaxy S21,3,1888.5306740697401,Samsung,5665.592022209221
696,2023-07-19,Dell XPS 13,17,818.1382048400324,Dell,13908.34948228055
575,2023-07-20,Lenovo ThinkPad X1 Carbon,19,1731.0520456800452,Lenovo,32889.98886792086
876,2023-07-20,Samsung Galaxy S21,15,1688.46303614035,Samsung,25326.945542105248
943,2023-07-21,Lenovo ThinkPad X1 Carbon,8,437.7771231117324,Lenovo,3502.2169848938593
328,2023-07-22,Xiaomi Mi 11,12,1814.292280713273,Xiaomi,21771.507368559276
414,2023-07-24,HP Spectre x360,3,1413.241303882939,HP,4239.723911648817
560,2023-07-24,Apple MacBook Pro,12,1674.8023232551136,Apple,20097.627879061365
753,2023-07-25,Dell XPS 13,18,1571.4124259382313,Dell,28285.423666888164
118,2023-07-27,Apple iPhone 12,3,1971.515873207139,Apple,5914.547619621417
491,2023-07-28,Samsung Galaxy S21,17,584.2722506575432,Samsung,9932.628261178234
97,2023-07-28,Dell XPS 13,4,1869.8818356192385,Dell,7479.527342476954
188,2023-07-29,Dell XPS 13,12,570.0291056271319,Dell,6840.349267525583
283,2023-07-29,Samsung Galaxy S21,8,776.8098746745702,Samsung,6214.478997396562
777,2023-07-30,Xiaomi Mi 11,11,1277.2311648465193,Xiaomi,14049.542813311713
387,2023-07-31,OnePlus 9,18,1982.2973820597297,OnePlus,35681.352877075136
189,2023-07-31,Dell XPS 13,15,328.58908941589095,Dell,4928.836341238364
325,2023-07-31,Xiaomi Mi 11,1,400.7600126330177,Xiaomi,400.7600126330177
706,2023-08-01,Dell XPS 13,17,578.8691053267858,Dell,9840.774790555359
150,2023-08-02,HP Spectre x360,2,1650.7686601490598,HP,3301.5373202981195
294,2023-08-02,Apple iPhone 12,1,270.42464867549563,Apple,270.42464867549563
782,2023-08-02,Dell XPS 13,12,1504.2994834576093,Dell,18051.59380149131
798,2023-08-03,HP Spectre x360,16,1172.210076853076,HP,18755.361229649217
519,2023-08-04,HP Spectre x360,5,1349.068753227094,HP,6745.34376613547
439,2023-08-04,Lenovo ThinkPad X1 Carbon,8,1133.356579970075,Lenovo,9066.8526397606
909,2023-08-05,Lenovo ThinkPad X1 Carbon,5,412.8287163072739,Lenovo,2064.1435815363693
231,2023-08-06,OnePlus 9,14,1178.3649757650678,OnePlus,16497.10966071095
827,2023-08-06,Xiaomi Mi 11,6,1187.6183752689144,Xiaomi,7125.710251613486
887,2023-08-06,Apple MacBook Pro,1,390.8489419196819,Apple,390.8489419196819
96,2023-08-10,Huawei P40,12,1412.7725886444784,Huawei,16953.27106373374
323,2023-08-13,Apple MacBook Pro,8,1819.8074965389808,Apple,14558.459972311846
530,2023-08-13,Samsung Galaxy S21,15,1918.7105774178076,Samsung,28780.658661267113
861,2023-08-13,Apple MacBook Pro,10,1235.045821270951,Apple,12350.45821270951
181,2023-08-14,Lenovo ThinkPad X1 Carbon,15,1581.8780928035171,Lenovo,23728.171392052758
651,2023-08-14,Apple iPhone 12,17,1833.0447243358974,Apple,31161.760313710256
665,2023-08-17,Apple iPhone 12,9,655.3288900237322,Apple,5897.96001021359
486,2023-08-17,Apple iPhone 12,19,1809.628093343951,Apple,34382.93377353507
694,2023-08-18,Asus ZenBook,7,583.4235512586368,Asus,4083.964858810458
765,2023-08-19,Huawei P40,6,255.61482062836768,Huawei,1533.6889237702062
591,2023-08-22,Huawei P40,18,420.091134898429,Huawei,7561.640428171722
64,2023-08-22,OnePlus 9,17,1000.325432110777,OnePlus,17005.53234588321
586,2023-08-24,HP Spectre x360,1,1036.160452384575,HP,1036.160452384575
787,2023-08-24,Lenovo ThinkPad X1 Carbon,10,1449.1767256747748,Lenovo,14491.76725674775
465,2023-08-25,Apple MacBook Pro,1,1007.3460941884683,Apple,1007.3460941884683
442,2023-08-26,Lenovo ThinkPad X1 Carbon,7,330.09350607415973,Lenovo,2310.654542519118
477,2023-08-26,Apple MacBook Pro,10,974.3648536423459,Apple,9743.64853642346
139,2023-08-27,HP Spectre x360,18,1812.519002840222,HP,32625.342051123993
111,2023-08-31,Apple MacBook Pro,12,1604.7913518401192,Apple,19257.49622208143
612,2023-09-02,Asus ZenBook,18,1557.8519585310967,Asus,28041.33525355974
669,2023-09-03,Apple MacBook Pro,13,1569.2285243702697,Apple,20399.970816813508
531,2023-09-05,Lenovo ThinkPad X1 Carbon,12,337.50599083767105,Lenovo,4050.0718900520524
795,2023-09-05,Xiaomi Mi 11,7,1234.9471293140991,Xiaomi,8644.629905198693
378,2023-09-06,Asus ZenBook,8,558.109477409583,Asus,4464.875819276664
474,2023-09-06,Huawei P40,11,1560.5720468074376,Huawei,17166.292514881814
829,2023-09-06,OnePlus 9,14,236.5588421000322,OnePlus,3311.8237894004506
605,2023-09-08,Apple iPhone 12,17,1670.2760476349633,Apple,28394.69280979438
132,2023-09-09,Asus ZenBook,4,1623.853778621152,Asus,6495.415114484608
360,2023-09-09,Apple iPhone 12,15,929.485226418926,Apple,13942.27839628389
148,2023-09-11,Lenovo ThinkPad X1 Carbon,3,1742.7749412077437,Lenovo,5228.324823623231
155,2023-09-11,HP Spectre x360,14,1153.7953651643397,HP,16153.135112300755
914,2023-09-12,HP Spectre x360,10,1796.190515376368,HP,17961.90515376368
420,2023-09-12,Apple iPhone 12,3,839.5692757856384,Apple,2518.707827356915
6,2023-09-12,Apple MacBook Pro,17,462.22854919286306,Apple,7857.885336278672
192,2023-09-13,Apple MacBook Pro,5,1463.9840631349844,Apple,7319.920315674922
278,2023-09-14,Huawei P40,11,1364.4710139768442,Huawei,15009.181153745287
550,2023-09-14,Dell XPS 13,9,808.5943842674649,Dell,7277.349458407184
660,2023-09-15,Samsung Galaxy S21,12,465.74473534447463,Samsung,5588.936824133696
476,2023-09-15,Xiaomi Mi 11,18,1757.3044846578657,Xiaomi,31631.48072384158
952,2023-09-15,Dell XPS 13,11,1692.2677065367122,Dell,18614.944771903836
942,2023-09-16,Apple MacBook Pro,17,828.3485688774269,Apple,14081.925670916258
245,2023-09-17,Apple MacBook Pro,3,1038.1374588064466,Apple,3114.41237641934
345,2023-09-17,Asus ZenBook,2,1493.026984137337,Asus,2986.053968274674
769,2023-09-17,Samsung Galaxy S21,7,838.4956506178427,Samsung,5869.469554324899
366,2023-09-18,Apple MacBook Pro,14,1950.6494585923977,Apple,27309.092420293568
128,2023-09-19,Apple iPhone 12,12,384.3211087332181,Apple,4611.8533047986175
521,2023-09-19,Dell XPS 13,15,1009.0642856148479,Dell,15135.964284222719
688,2023-09-20,Huawei P40,5,395.35002300419916,Huawei,1976.7501150209957
1,2023-09-20,Samsung Galaxy S21,13,1226.6771606278826,Samsung,15946.803088162473
949,2023-09-21,Apple MacBook Pro,14,589.3921462992873,Apple,8251.490048190022
501,2023-09-21,Apple MacBook Pro,7,594.4907967283373,Apple,4161.435577098361
399,2023-09-22,HP Spectre x360,15,1621.0191602579032,HP,24315.287403868548
756,2023-09-23,Dell XPS 13,14,386.51381779693986,Dell,5411.193449157158
936,2023-09-24,Asus ZenBook,13,896.4350438318284,Asus,11653.655569813769
418,2023-09-26,Xiaomi Mi 11,2,886.4065584473024,Xiaomi,1772.8131168946047
764,2023-09-28,Apple iPhone 12,1,1235.2412979265832,Apple,1235.2412979265832
95,2023-10-01,Dell XPS 13,2,704.8288763333214,Dell,1409.6577526666429
143,2023-10-01,Apple iPhone 12,2,1330.8309812670182,Apple,2661.6619625340363
948,2023-10-01,Dell XPS 13,6,1957.9082941866077,Dell,11747.449765119647
487,2023-10-02,Apple MacBook Pro,18,759.88157555235,Apple,13677.8683599423
639,2023-10-03,Lenovo ThinkPad X1 Carbon,6,796.3341847471997,Lenovo,4778.0051084831985
85,2023-10-03,OnePlus 9,4,1421.9234930519506,OnePlus,5687.693972207802
926,2023-10-03,Asus ZenBook,2,645.605112143556,Asus,1291.210224287112
68,2023-10-04,Apple MacBook Pro,2,312.3653306285241,Apple,624.7306612570482
975,2023-10-05,Apple iPhone 12,11,464.4614487810914,Apple,5109.075936592006
666,2023-10-06,Xiaomi Mi 11,19,1430.049430772053,Xiaomi,27170.93918466901
173,2023-10-06,HP Spectre x360,5,1514.840062059867,HP,7574.200310299335
136,2023-10-08,Samsung Galaxy S21,8,930.93732626066,Samsung,7447.49861008528
817,2023-10-08,Huawei P40,8,1699.799188468701,Huawei,13598.393507749608
185,2023-10-09,Huawei P40,4,1347.1036582215577,Huawei,5388.414632886231
574,2023-10-09,Huawei P40,18,1270.7399026334413,Huawei,22873.31824740194
627,2023-10-10,Asus ZenBook,10,940.7381949815976,Asus,9407.381949815976
588,2023-10-10,Lenovo ThinkPad X1 Carbon,17,1729.5554880817986,Lenovo,29402.443297390575
677,2023-10-10,Apple MacBook Pro,17,1496.6863595595098,Apple,25443.668112511667
493,2023-10-11,Xiaomi Mi 11,5,1818.2427089840596,Xiaomi,9091.213544920298
808,2023-10-11,Xiaomi Mi 11,17,777.7508469959012,Xiaomi,13221.76439893032
117,2023-10-11,Huawei P40,14,1657.76891427439,Huawei,23208.76479984146
681,2023-10-14,Xiaomi Mi 11,10,1129.3917005155545,Xiaomi,11293.917005155545
684,2023-10-16,OnePlus 9,15,1477.812995968203,OnePlus,22167.194939523044
992,2023-10-16,Apple MacBook Pro,16,1331.5378878251295,Apple,21304.60620520207
13,2023-10-16,Xiaomi Mi 11,15,1521.4692751474715,Xiaomi,22822.039127212072
380,2023-10-16,Apple MacBook Pro,19,1793.136552577307,Apple,34069.59449896883
868,2023-10-17,Xiaomi Mi 11,8,427.4208236507601,Xiaomi,3419.366589206081
274,2023-10-17,Xiaomi Mi 11,17,1465.0298476724042,Xiaomi,24905.507410430873
400,2023-10-18,Asus ZenBook,10,1412.740334086432,Asus,14127.40334086432
599,2023-10-20,Xiaomi Mi 11,2,306.21884640140115,Xiaomi,612.4376928028023
956,2023-10-21,Xiaomi Mi 11,15,1962.0952619264795,Xiaomi,29431.428928897192
156,2023-10-22,HP Spectre x360,15,1384.9922412616659,HP,20774.88361892499
585,2023-10-22,Samsung Galaxy S21,11,1835.2907614159299,Samsung,20188.19837557523
32,2023-10-22,Samsung Galaxy S21,9,1905.9441169040326,Samsung,17153.497052136292
161,2023-10-23,OnePlus 9,12,1778.023133674987,OnePlus,21336.277604099843
565,2023-10-24,OnePlus 9,17,1707.106292658305,OnePlus,29020.806975191183
570,2023-10-25,Asus ZenBook,15,559.0255985914869,Asus,8385.383978872303
453,2023-10-25,Apple MacBook Pro,17,1793.5384002881462,Apple,30490.152804898487
475,2023-10-25,Apple iPhone 12,18,331.37073130478507,Apple,5964.673163486132
304,2023-10-26,Apple iPhone 12,4,1984.0729612667367,Apple,7936.291845066947
997,2023-10-26,Xiaomi Mi 11,10,1965.7132352347141,Xiaomi,19657.13235234714
124,2023-10-29,OnePlus 9,1,1400.5451531867714,OnePlus,1400.5451531867714
625,2023-10-30,Asus ZenBook,7,1623.3587060134691,Asus,11363.510942094284
999,2023-10-31,Huawei P40,19,1773.896667145057,Huawei,33704.036675756084
293,2023-10-31,Samsung Galaxy S21,9,1952.8433359093979,Samsung,17575.59002318458
257,2023-11-01,Apple MacBook Pro,18,1757.2688025884684,Apple,31630.838446592432
413,2023-11-01,Xiaomi Mi 11,3,599.4481208839446,Xiaomi,1798.3443626518338
27,2023-11-01,Huawei P40,19,976.5766406674788,Huawei,18554.956172682098
703,2023-11-02,Dell XPS 13,1,1540.336598937287,Dell,1540.336598937287
145,2023-11-02,HP Spectre x360,16,1166.9700014953396,HP,18671.520023925434
877,2023-11-04,Xiaomi Mi 11,17,481.37099851862814,Xiaomi,8183.306974816678
210,2023-11-05,HP Spectre x360,8,898.4497130147256,HP,7187.597704117805
450,2023-11-05,Asus ZenBook,5,431.38272368811886,Asus,2156.9136184405943
686,2023-11-06,HP Spectre x360,8,556.5956864088336,HP,4452.7654912706685
372,2023-11-07,Xiaomi Mi 11,9,846.8033588970674,Xiaomi,7621.230230073606
888,2023-11-07,Apple MacBook Pro,4,1888.8235800601385,Apple,7555.294320240554
225,2023-11-07,Dell XPS 13,14,206.5032785616296,Dell,2891.0458998628146
134,2023-11-08,Dell XPS 13,9,613.69494992003,Dell,5523.25454928027
212,2023-11-08,Samsung Galaxy S21,19,731.4446981232544,Samsung,13897.449264341834
647,2023-11-08,Apple MacBook Pro,12,1378.0278070865745,Apple,16536.333685038895
506,2023-11-09,OnePlus 9,13,1205.2459383141245,OnePlus,15668.197198083619
620,2023-11-09,Asus ZenBook,14,1695.8217088742047,Asus,23741.503924238867
103,2023-11-09,Lenovo ThinkPad X1 Carbon,15,1698.0711872104657,Lenovo,25471.067808156986
984,2023-11-10,HP Spectre x360,18,269.84814325570125,HP,4857.266578602623
757,2023-11-11,Apple iPhone 12,18,1706.73400247437,Apple,30721.21204453866
880,2023-11-14,Xiaomi Mi 11,15,228.25088361640366,Xiaomi,3423.7632542460547
853,2023-11-14,Apple iPhone 12,13,1334.4725505513452,Apple,17348.143157167488
193,2023-11-15,Dell XPS 13,9,1058.3170470478276,Dell,9524.853423430448
375,2023-11-15,Apple iPhone 12,9,1226.216873207102,Apple,11035.951858863918
187,2023-11-15,Lenovo ThinkPad X1 Carbon,18,1459.5842782665889,Lenovo,26272.5170087986
907,2023-11-15,HP Spectre x360,4,647.1138957210885,HP,2588.455582884354
540,2023-11-15,Samsung Galaxy S21,12,1749.5662223984095,Samsung,20994.794668780916
218,2023-11-16,Lenovo ThinkPad X1 Carbon,11,214.5049200119633,Lenovo,2359.5541201315964
471,2023-11-16,Asus ZenBook,17,1656.526335515849,Asus,28160.947703769434
967,2023-11-17,Dell XPS 13,17,1029.719925403729,Dell,17505.238731863392
260,2023-11-17,Xiaomi Mi 11,6,587.4909919214085,Xiaomi,3524.945951528451
431,2023-11-18,Apple MacBook Pro,7,1502.045501093863,Apple,10514.31850765704
67,2023-11-20,OnePlus 9,11,1348.6791178762953,OnePlus,14835.470296639249
626,2023-11-21,Lenovo ThinkPad X1 Carbon,5,561.3409085051533,Lenovo,2806.7045425257666
429,2023-11-21,Asus ZenBook,5,1184.1265063709625,Asus,5920.632531854812
102,2023-11-21,Dell XPS 13,1,1372.8420703644535,Dell,1372.8420703644535
282,2023-11-22,Apple MacBook Pro,17,1437.0979010967767,Apple,24430.664318645206
638,2023-11-22,HP Spectre x360,11,656.9795869501784,HP,7226.775456451962
652,2023-11-22,Samsung Galaxy S21,14,675.1401261240667,Samsung,9451.961765736934
912,2023-11-22,Xiaomi Mi 11,10,664.3564927300674,Xiaomi,6643.564927300675
104,2023-11-26,HP Spectre x360,12,1026.7733091775376,HP,12321.279710130451
881,2023-11-26,Huawei P40,18,720.8853024902504,Huawei,12975.935444824507
261,2023-11-27,Apple iPhone 12,16,702.9833065644136,Apple,11247.732905030618
903,2023-11-27,Lenovo ThinkPad X1 Carbon,16,1089.0607618091822,Lenovo,17424.972188946915
849,2023-11-28,Samsung Galaxy S21,3,1649.8527224236846,Samsung,4949.558167271054
954,2023-11-28,Lenovo ThinkPad X1 Carbon,9,1992.0181897997875,Lenovo,17928.163708198088
322,2023-11-29,OnePlus 9,13,1893.0467661235361,OnePlus,24609.60795960597
157,2023-11-29,Asus ZenBook,12,343.0489985380903,Asus,4116.587982457084
729,2023-11-29,Apple MacBook Pro,7,334.60986072635114,Apple,2342.269025084458
101,2023-11-29,Apple iPhone 12,9,641.9032598494493,Apple,5777.129338645044
203,2023-11-30,Apple MacBook Pro,13,1434.6408902962944,Apple,18650.33157385183
556,2023-12-02,HP Spectre x360,17,660.1556527557952,HP,11222.646096848519
758,2023-12-02,Dell XPS 13,11,1190.5443081847266,Dell,13095.987390031993
763,2023-12-03,Asus ZenBook,10,1387.5106527287915,Asus,13875.106527287915
503,2023-12-03,Lenovo ThinkPad X1 Carbon,1,1336.3207621989156,Lenovo,1336.3207621989156
332,2023-12-03,HP Spectre x360,15,1314.4367915661485,HP,19716.551873492226
281,2023-12-03,Apple MacBook Pro,10,1874.252996097672,Apple,18742.52996097672
650,2023-12-05,Apple iPhone 12,15,561.9407380289693,Apple,8429.111070434541
452,2023-12-05,Dell XPS 13,4,300.72054874632795,Dell,1202.8821949853118
609,2023-12-05,Lenovo ThinkPad X1 Carbon,18,976.6009861544187,Lenovo,17578.817750779537
805,2023-12-05,Samsung Galaxy S21,6,1079.6351512270653,Samsung,6477.810907362392
648,2023-12-06,Samsung Galaxy S21,14,1149.5363155295763,Samsung,16093.508417414068
898,2023-12-06,OnePlus 9,6,440.0920883771118,OnePlus,2640.5525302626706
691,2023-12-07,OnePlus 9,2,802.3831168241021,OnePlus,1604.7662336482042
69,2023-12-08,Huawei P40,16,1374.2232456496488,Huawei,21987.57193039438
482,2023-12-08,Samsung Galaxy S21,15,1962.6049500618994,Samsung,29439.07425092849
371,2023-12-09,Asus ZenBook,6,1290.8181327448578,Asus,7744.908796469147
86,2023-12-10,Samsung Galaxy S21,16,1545.4308862671571,Samsung,24726.894180274514
726,2023-12-11,Apple MacBook Pro,4,356.1378907220346,Apple,1424.5515628881385
441,2023-12-11,HP Spectre x360,14,657.9568841519617,HP,9211.396378127465
969,2023-12-12,Xiaomi Mi 11,6,361.48047689546127,Xiaomi,2168.8828613727674
256,2023-12-12,OnePlus 9,18,1968.6155610537692,OnePlus,35435.08009896785
468,2023-12-13,HP Spectre x360,2,1228.1839842844934,HP,2456.3679685689867
417,2023-12-14,Dell XPS 13,10,1086.968763198362,Dell,10869.68763198362
508,2023-12-16,Xiaomi Mi 11,5,571.3252671302544,Xiaomi,2856.626335651272
311,2023-12-17,OnePlus 9,9,902.7619871490051,OnePlus,8124.857884341046
271,2023-12-17,Apple iPhone 12,9,1612.5232053549787,Apple,14512.708848194809
571,2023-12-18,Lenovo ThinkPad X1 Carbon,7,672.5173536426782,Lenovo,4707.621475498748
825,2023-12-18,Dell XPS 13,3,677.6321090157037,Dell,2032.896327047111
497,2023-12-18,HP Spectre x360,19,918.0879875709427,HP,17443.67176384791
618,2023-12-19,Samsung Galaxy S21,5,245.94292020280378,Samsung,1229.7146010140189
285,2023-12-19,Apple iPhone 12,7,1738.3451722735788,Apple,12168.416205915051
511,2023-12-22,OnePlus 9,8,443.9738235635062,OnePlus,3551.7905885080495
906,2023-12-22,Dell XPS 13,3,714.1679672924994,Dell,2142.5039018774983
899,2023-12-23,OnePlus 9,7,1962.912314479231,OnePlus,13740.386201354617
191,2023-12-24,Lenovo ThinkPad X1 Carbon,4,1119.8948020302378,Lenovo,4479.579208120951
381,2023-12-26,Apple MacBook Pro,16,1243.0549832486752,Apple,19888.879731978803
872,2023-12-27,OnePlus 9,3,1945.8869788047646,OnePlus,5837.660936414293
767,2023-12-28,Samsung Galaxy S21,17,681.6287744807975,Samsung,11587.689166173557
656,2023-12-28,Xiaomi Mi 11,10,1113.0911199618326,Xiaomi,11130.911199618327
339,2023-12-31,HP Spectre x360,11,1665.2987701616166,HP,18318.286471777785
